,Sentence Code,Previous Sentence,To Annotate,Following Sentence
0,G00Q136,"Diceles palabras injuriosas, y ellos la responden sin decoro.","Miralos sin humanidad, y como esclavos, y ellos à su vez la sirven sin respeto, sublevados contra su tyranìa.","Suspendese por un rato esta gresca, y passa Madama al Tocador."
3,G00Q137,"Diceles palabras injuriosas, y ellos la responden sin decoro.","Miralos sin humanidad, y como esclavos, y ellos à su vez la sirven sin respeto, sublevados contra su tyranìa.","Suspendese por un rato esta gresca, y passa Madama al Tocador."
6,G00Q138,"Por lo que mira al fin, segun doctrina de Aristoteles, el tiempo oportuno es quando las cosas han hecho passage de la felicidad à la infelicidad, ò al contrario.",No es tan facil determinar por dónde se ha de dár principio à la accion Dramatica.,"Aristoteles dejò bastante confuso este punto; pero nuestro Luzan entiende, que debiendo la accion Tragica, ò Comica ceñirse al espacio de pocas horas, debe el Poeta observar el punto fijo, en que ha determinado dár fin à su accion."
9,G00Q139,"Y llamar madre à la que, con un corazon duro, como un pedernal, os niega el sustento, tengolo por necedad, y aun por locura.","Tù debes acordarte de la ternura, con que se portan las madres de mi País: del cuidado, con que nos crian, y de las atenciones, que les merecemos.","Es verdad, que allá prohibe la ley, que la muger, que ha dado à luz un hijo, véa à su marido particularmente hasta passados dos años, y esto créo que hace mucho al caso."
12,G00Q140,"Procure Vm. restablecerse; y si quando lo estè, quisiere tomar mi consejo, yo serìa de dictamen, de que Vm. se fuesse á vivir á la Casa de Campo.","Alli estarà mas tranquilo, y podrà vivir à su gusto, y de contado no nos incomodarèmos uno á otro.",
15,G00Q141,"Este modo, aunque es un poco mas barbaro, que el mio, era mucho mas commodo para èl; y no yo, que soy tan mentecato, que no solo no quiero, que se ahorquen, sino que me mato porque vivian agradablemente, y lloro porque no lo hacen.","Confiesso à Vm. que yá no puedo sufrir la vida, que traygo con este afligido genio mio.","Hà muchos dias, que como Vm., me he metido à Pensador, y desde que tomè tan ruin oficio, estoy lleno de hypocondrìa, triste, y tan flaco, que apenas me conocería la madre que me pariò."
18,G00Q142,"Yà he dicho à Vm. que yo me lo passo solo las noches, y los dias en mi quarto, mano á mano con mi imaginacion, y passeandome sin cessar, agitado de los pensamientos, que me ocupan, y tienen en continuo movimiento","Algunas veces me contento con arquear las cejas, y encoger los hombros.","Otras veces grito, me enfado, patèo, y me como las uñas."
21,G00Q143,"Entonces se apoderaron de mi alma mil afectos, los unos agradables, y los otros tristes; y quando vì al momento despues, que se apoderaban de su cuerpo amado los symptomas de la muerte: quando vì, que sus hermosos ojos se nublaban, y se fijaban en mì en sus ultimos esfuerzos, no pude mas, y perdì toda mi paciencia.","Muriò en mis brazos, y en el desorden, en que me hallaba, me pareciò, que su pecho aùn respiraba.","Llamela. ¡Pero ay! Un vahido me cogiò: me pareciò, que todo el quarto rodaba, y la mas preciosa de todas las mugeres havia fallecido."
24,G00Q144,"Yo soy un Indiano de à piè, pobre, y feo: véa Vm. si Belisario, en sus mayores miserias, huviera querido cambiar su suerte por la mia: pásso grandes trabajos allá en mi lóbrego alvergue ubi ponunt ova columbe; y por mas que leo, y buelvo à leer à Epitecto, me es impossible cobrar amor à la pobreza, ni cultivar la paciencia; de suerte, que vengo à ser un desdichado pulguilla, y con mas necessidades, que otros pobres ordinarios;","Pues soy muy goloso de dulces, apetezco olores, fina ropa blanca, y me muero por otras frioleras de este jaèz;","pero mi mayor tormento es la triste memoria de haver tenido un patrimonio considerable, y haverlo empleado todo en calabazas; quiero decir, en cosas, que nunca podrán servirme, sino de fiero escarmiento."
27,G00Q145,"Los hombres de un entendimiento demasiado sutìl, y que cabilan sobre todo, hacen lo mismo en los assuntos de amor.","Interpretan una ojeada, hallan intento en un gesto risueño, dàn un nuevo sentido à las palabras, y acciones; y habiles en atormentarse, se espantan de su propria sombra","Siempre disfrazados, miran como hypocresìa en los demàs, aquello, que nunca lo fuè."
30,G00Q146,"Que aunque esto, no solo es mentira, sino exdiámetro opuesto à lo que èl afirma, como no todos los que lean mi Carta, han de tener presente para el cortejo el Pensamiento XXIV, me creeràn, ò à lo menos dudaràn; y entretanto se bambalèa, si no cae, el credito del Pensador","Quisiera Vm. que yo dijera, que esto propriamente se llama echar tierra à los ojos, y alucinar à ignorantes; y que si esto no es falta de caridad, calumnia, è impostura, digna del mas severo castigo, no hay otro nombre que darle; y que fuera mucho mejor, que el señor mio, se curára esta lepra, y no amenazára al Pensador con la de Ozìas, que el que le aconseje, que oyga con docilidad los Sermones.","Todo esto, y mas, quisiera Vm. que yo dijera; ¿y no diciendolo Vm. quièn me mete à mì en esso?"
33,G00Q147,"Esto es lo mismo, que si un Orador, enfervorizado contra los pecadores, les amenazára diciendo: ¿Pues què?",¿no hay Dios que castigue?,"y faltára un oyente, y dijera: El Padre es Atheista, porque esso solo un Atheista lo ha pensado."
36,G00Q148,"De un Rey Philosopho cuentan, que llegando de camino con su Corte à un Lugar, y haviendole prevenido sus Aposentadores la mejor casa, buscò en ella un Libro, y no hallandolo, hizo registrar todas las demàs del Pueblo: fuè inutil la diligencia; por lo que, yendose yá à dormir al campo, reparò en una choza, que havia à la salida, á un pobre Jornalero, que estaba leyendo. Entróse adonde estaba, y dijo à los suyos:","""Vayase cada uno donde quisiere, que yá tengo yo possada, y cena en casa de un Vasallo, el unico que he encontrado en este Lugar, porque yo soy Rey de racionales, no de brutos.”",
39,G00Q149,"Hicieronme otras semejantes reconvenciones sobre la materia, pero sin fruto; porque del mismo modo que antes, me mantengo firme en mi opinion, y atrincherado en mi Castellano.","Ahora bien, yo no pretendo llevar las cosas al extremo.","Vm. me parece imparcial, y assi le he de merecer me diga, si en Londres, Parìs, Viena, ù otras Cortes de la Europa, se toman los naturales la pena de aprender los idiomas Estrangeros, solo para facilitar los placeres de la sociedad à los individuos de otros Paìses, que no quieren aprender el nativo de cada Reyno, unas veces por pereza, y otras por desprecio."
42,G00Q150,Nada menos que la felicidad del genero humano es la que solicito: esta la tiene segura luego que yo reyne. Fort. ¡Gran cosa!,"Que vivan contentos, y felices todos los hombres en la tierra, es empressa, à que no se ha atrevido, ni Jupiter, ni yo.","Dor. Que pueda, ò no pueda Jupiter, no lo averiguo ahora: lo que asseguro es, que seràn felices los humanos, con solo que yo ponga en práctica las maximas de mi gobierno."
45,G00Q151,"Si soy alegre, bullicioso, y festivo, como corresponde à mi edad, me llaman traviesso, y loco: si me pongo grave, silencioso, y ando mas apausado, que lo que requieren mis años, dicen que soy tardo, rudo, obscuro, y que tal vez escondo un corazon maligno.","Si hablo mucho, si con todos me rio, si me burlo de éste, si al descuido le doy un capirote à aquel, soy malo, soy perverso, soy demasiado astuto.","Si no me meto con nadie, si no me hablo sino con éste, ò el otro, que son mas mis amigos, porque son mas mis iguales, soy vano, y me notan de que hago del Señor."
48,G00Q152,"¿Tymandro, hombre de providad?",¡què mal lo conoce V. M.!,"Si yo dijera . . . . . pero me cuesta mucha violencia decir las cosas, como las siento, quando se trata de descubrir defectos agenos: no puedo conmigo: yo no sè hablar mal de nadie: ademàs de que Tymandro fuè amigo mio, y aun hoy sè yo, que me cuenta entre sus mas apassionados."
51,G00Q153,"Ni era Petimetre, ni bonito, ni ligero de cascos, ni adulador, ni Poeta, ni baylarin.","Añada Vm. à esto, que tenia una porcion de defectos capitales, por los quales debia ser excluìdo de la Cofradìa; pues ni cantaba, ni tocaba instrumento alguno, ni sabìa mentir, ni engañar, ni murmurar, ni dissimular.","Ni era rico, ni presumido, ni hablaba Italiano, ni Francès, ni tenia voto en encajes, blondas, bordados, batas, vestidos, joyas, ni flores."
54,G00Q154,"Sabe que hay muchas Damas muy virtuosas, prudentes, y llenas de verdadera discrecion: à éstas las venera, y estima, y nunca tomaría la pluma, sino para darles las alabanzas de que son dignas.","Yo sè que su caracter es de amar, y desear lo justo; y desde luego, para que Vms. queden mas satisfechas, le escribirè, à fin de que ataque los vicios en su raíz, y piense sobre la educacion de los hombres, como que de ella se origina toda la corrupcion de la sociedad.","Por lo menos, interin trate de ella, dejarà à Vms. en paz; y tela tiene cortada para bastante tiempo, si ha de decir algo de lo mucho que hay que corregir en el assunto."
57,G00Q155,"Tambien es incierto, que aun los blandos hallazgos, y dulces invenciones del luxo hayan debilitado la mejor fuerza de la naturaleza.","Amigo mio, es defecto de historia pensar de este modo: desde los Griegos hay memoria de pendientes, de rizos, de calzados, de adornos, de faustos, de viandas regaladas.","Los Romanos excedieron, y adelantaron en la mesa, en el vestido, en los edificios, en los baños, en los placéres, en los juegos: ¿Qué me dirá Vmd. si le pruebo, que en aquellos tiempos el uso de helados, las aguas de olor, las mantecas, aceytes, y flores aromáticas se usaron con el excesso que hoy reparamos, y murmuramos?"
60,G00Q156,"Mas clarito: yo me presento en la tienda de un Mercader; y para que me fie un vestido, le pongo por fianza una explicacion breve, y compendiosa del precio ínfimo, mediocre y supremo.","Le hago patente que si por razon del fiambre me lleva algo mas de lo lícito, se mama una usurita corriente nacida del mutuo virtual y paliado.","Le doy noticia de que la moatra, con pacto de retrovendicion adelantada y lucrativa, respecto de una misma persona, es un pecadazo de á marca, si la materia es grave; que mire que el Alma es lo primero, y que sirve poco lucrar todo el mundo, como esta preciosa alhaja padezca detrimento."
63,G00Q157,¿Y es eso solo?,"No señor: dice tambien, que Dios manda en el Deuteronomio : que á la muger esclava se le rada la cabeza, las cejas y todos los cabellos; que se le hayan de cortar las uñas, y que así será lícito tenerla en matrimonio.","¿Pues qué admiracion será, prosigue mi Santo Viejo, que yo haga lo mismo con la cautiva de Israel; esto es, con la Gentilidad, y por la elegancia del estilo y hermosura de los periodos, arrancando si tiene alguna cosa de idolatría, supersticion, error ó liviandad, le haga servir de escabel á la gloria de Dios inmortal?"
66,G00Q158,"Soploncillos, ¿es posible Que os atrevais con tal broma A mezclar la Tierra y Cielo, Haciendo montes las olas?","Por vida de: pero tate, Que lo que urge por ahora Es dexar la mar en leche, Por si me quiero hacer sopas.","Que despues yo os aseguro, Que habeis de llevar tal solfa, Que no tenga semejante Otra alguna, alguna, ú otra. Idos, pues, con mil demonios, Y á vuestro Rey en persona Le diréis, ¿que si conmigo Piensa jugar á la morra?"
69,G00Q159,"yo, con estas alabanzas, aunque conozco su ironía, no obstante estoy en la inteligencia de que soy discreta, y que con mis tales quales luces, y un poco de cuidado, podré desempeñar mi obligacion.","Mi edad es entre merced, y señoría, lo que basta para dár consejos acertados, sin que sea preciso escucharlos con disgusto: mi inclinacion es la libertad de una vida, sin la sujecion penosa del matrimonio, ni la esclavitud penosa de un encierro","Escucho naufragios sin arriesgar mi hacienda; miro pérdidas con resguardo de mis intereses; diviso escarmientos, sin dolor propio; oygo á los hombres, sin atenderlos; tal vez les respondo, sin creerlos; y alguna vez he pensado en engañarlos, por desquitar en algo los muchos fraudes con que nos burlan; pero el temor de no exponerme à ser objeto de sus malditas lenguas, me hace contener en los límites del decóro amable, por no arriesgar en un punto la opinion, que esta una vez perdida, tarde se restaura"
72,G00Q160,"eran incompatibles en aquel tierno pecho, oficina donde se iba formando el mayor Político, el mayor Guerrero, y el no menos docto, eran, digo, incompatibles las indignas baxezas de estos cuidados con las elevadas miras de sus máximas","el ánimo, que ha de ser grande, nunca es pequeño","asi como el Leon generoso desde el principio de su vida dá señales de su animosidad, sin que jamás se entretenga en las ridiculeces proprias de una Mona"
75,G00Q161,"Qué lastima causa à los ojos de todos, quando se divisa bastantemente un marido desgraciado, y un padre infelíz, que lloran su honor ultrajado à el delinqüente impulso de un atrevimiento!","Grande es este golpe, no lo niego; pero mayor es el de aquellos, que por descuido, ò ignorancia dieron causa suficiente á este daño.","Los primeros, si padecen esta lamentable suerte, mas à la violencia de la desgracia, que à los tristes efectos de una confianza necia, deben ser el objeto de nuestra compasion, y el exemplar para nuestro gobierno."
78,G00Q162,"Los ojos hundidos, y fijados en el suelo, demostraban un ánimo ofuscado, y desabrido;","Tan flaca, y consumida, que parecía retrato de la misma necesidad.","Yo la miraba pensativa, y me parecía haverla visto otra vez."
81,G00Q163,"¿No es un agravio claramente cometido contra esta hermosa Deidad, destinarla por muchos de nuestros patricios para alabar, perpetuar en la memoria, y excitar à su imitacion los delitos mas atrevidos contra el Cielo, el Rey, y la Patria, quando la ocupan indignamente en esos asquerosos Romances de nuestros Guapos Andaluces?","¿qué otro empleo la dán mas, que obligarla à celebrar unos hombres, que por viles, ò murieron entre las fatigas de un lazo, ò à las iras crueles de una venganza?","¡Ciertamente ignoro cómo ha podido durar este abuso tanto tiempo en un País tan culto, donde la piedad, y religion tienen su asiento!"
84,G00Q164,"En este no despreciable animalito pudieran aprender à vivir quantos desgraciados de ambos sexos andan por esas calles oprimidos de la ultima miseria, siendo el cansancio importuno de muchos, y ocasiones virtuosas de pocos, y no se vieran à cada paso tantas infelices viudas, que fundan su corto alimento en el penoso sonrojo de buscarle de puerta en puerta;","Ni tantos ancianos, que en la mas estrecha angustia de la escaséz, buscan el pan con el doble sudor de su rostro, sudan en adquirirle mendigando, y sudan con la vergüenza de haberle de procurar pidiendo.","¡O, qué desgracia! ¡qué suerte tan infelíz! ¡pero qué locura!"
87,G00Q165,"Sé ciertamente, que aquel entendimiento poseído de la razon, y desinterés, que se páre un poco sobre este discurso, que se verá muy lejos de apetecer estos viages, como contrarios à su quietud, y buena opinion, pues desengañado felizmente, conocerá que su presencia, y los tales quales medios hijos legitimos de su industria, podrá mantener su casa, arreglada su familia, y cuidado su honor: no será rico, es verdad; pero será dichoso, y feliz en su estado: no poseerá abundancias, ni se verá lisonjeado;","Pero será dichoso, y feliz en su estado: no poseerá abundancias, ni se verá lisonjeado;","pero tampoco tendrá desgracias, ni será motejado: pobre será; pero alegre, pues la felíz posesion del amor de su muger, el cariño de sus bien educados hijos, y la dulce esperanza en sus virtudes de sus adelantamientos, serán otras tantas flotas, que llenen los vacíos de su corazon, sin dejar lugar à el indigno interés, para que le arrastre infelizmente à ser la triste causa de su ruina"
90,G00Q166,"¡Dios me libre de ellos! Cierto Cavallerito Estrangero se iba inclinando de lo fuerte à la mayor, y se conocía claramente por su generosidad, pues no le dolian prendas, siempre se estaba convidando, y que quise que no quise, nos regalò muy bien: y quando estaba yo mas esperanzada de este hombre, se atravesó un maldito de estos pisaverdes Gaditanos, y no se qué dió à la muchacha, que à el instante aborreció à el Estrangero, y se entregó à favorecer este hombre.","No està en esto la gracia, sino es que apenas se vió correspondido, se ausentó de casa, y se fue con sus engaños à otra parte, quedandonos à la Luna de Valencia, sin uno, y sin otro, y la niña tan apesadumbrada, que por poco la pobrecita se muere: estuvo muy mala.","Puede Vmd. suponer, que no he dejado diligencia, que no he practicado para conseguir mis deseos: discurro, que Vmd. creerà habrà sido todo con el mayor disimulo, y honradéz;"
93,G00Q167,"Luego que llegò à noticia de los Amigos mi desgracia, corrieron presurosos à visitarme, y à ofrecerse con sus caudales, y haciendas: vino Anfriso, y me prometió harìa quanto pudiese con su valimiento para la composicion de mis negocios: escribióme Elisa, interesandose en mis pesares, y ofreciendo sus joyas, si eran necesarias para alivio.","Qué contento me hallaba, no obstante mi fatalidad, à el mirar, que si me faltaba la hacienda, la tenìa depositada en aquellos, que tanto se ofrecian, y tan promptos habian ocurrido à mi socorro!","¡Pero qué engaño padecì, y qué presto hallé corrido el velo de tanta falsedad à el impulso de mi misma desgracia!"
96,G00Q168,"Es el caso (vuelvo à decir) que yo, como yá Vmd. ha oído, estimo mucho à los Authores de los Libros, y he deseado siempre tratarlos, y conocerlos, por vér si son hombres como los demás, porque me quedo tan aturdido quando discurro, que todo quanto dicen en tantas hojas ha salido de sus cabezas, que me parece imposible;","porque yo, quando escribo una carta, à excepsion de la fecha, la firma, y el muy señor mio, todo lo demás me cuesta mas gotas de sudor, que si estubiera cabando;","y esto mismo soy testigo les pasa à muchos, que satyrizan los Libros, como à mí me succede;"
99,G00Q169,"¿Creerán Vmds. (añade uno de ellos) que ayer me cargó quarenta tazas de Café el tonto de Anselmo, sin que me saliesse una fuerte de dado en mi favor","Pero hoy no he de irme hasta que venga, por probar si puedo desquitarme.","Pero hoy no he de irme hasta que venga, por probar si puedo desquitarme. Cavalleros, hoy he estado hablando (dice el ultimo) con un Comerciante que ha llegado de Londres, y me ha asegurado, que lo que nos dijo la Gaceta del descubrimiento del punto de longitud, que era verdad; y certamente que de esta manera conseguirá el Comercio los mayores alimentos, porque..."
102,G00Q170,"Creyò el Cuervo el engaño, y queriendo hacer ostentacion de su sobresaliente havilidad, abrió el pico para cantar, cayò la carne en el suelo, la Zorra la cogió prompta, y se fué burlando de su necia sencillèz, ê interesandose en el ageno trabaxo","¡Quantos Cuervos racionales vivirán hoy hambrientos, porque quisieron llegar â la cumbre donde los colocaba la Lisonja!",
105,G00Q171,"Hà de sabér Vm. que todos estos son temóres de la pluma, por no atreverse â delinear el nombre de mi endiablada indisposicion: pero como es precisso que confiesse de plano, para que me aplíque el remedio, aunque duplìque mi sentimiento, se lo hé de referir por estenso: tengo...","¡valgate Dios por nombre, que aún assi engendras sustos, parasismos, y aborrecimiento!",Tengo ...aùn no me permite escrivir el sobresalto.
108,G00Q172,"¡Valgame Dios (responde) pues si apenas llegaràn à ocho veces las que me hé puesto éste Vestido, y el peynado es el que ví à la que vino de la Corte, havrà seis meses, còmo me dice V.m. que es vejéz! pues bonita soy yo para vestír à la antigua, que primèro no saldré de mi casa en un siglo que tal execute.",".¿Pues no há reparado Vm. mi alma (la réplica) à Madama Polonia, que llegò havrá quince dias de Parìs, què manera tan discreta de peynarse, y què bello gusto de Batas que trae?","Pues ya todas las màs procuràmos imitarla, y ciertamente que trae las Modas más Marciales, que hè visto en mi vida, y que à todas les sientan bien, y assi es precisso, que Vm. no sea menos, porque no sé que murmuràr á los que la conocen."
111,G00Q173,"Yo Señora mia, soy una Mugèr de las muchas que viven en el Mundo, que discurriendo entraban â una vida de Angeles quando se casaron, se hallan el dia de hoy con un tormento irremediable, sin que para su alivio les quede el arbitrio de la quexa: estoy Casada por mi desgracia con un Cavallero de linda presencia, y muy Petimetre: es un Narciso, y està tan pagado de su hermosura, que assi cuydára de su Mugér, como cuyda de su persona: los mas dias reñimos sobre quien gana la vèz en el tocador, y el dia que coge de mano, me veo precissada â valerme de un espejo de las Criadas, porque sé por experiencia, que se pasaràn dos horas antes que le dexe desocupado.","Todo esto llevará con paciencia, si su asèo, y prolixa compostura se ordenára â conplacerme; pero es muy â el contrario, porque su merced es Cortejo, y hace tanta vanidad de serlo, que quando està de humor me refiere las gracias de su querida, me pondera sus chistes, y alaba su hermosura: vea Vm. què refresco para quien se halla atabardillada de Zelos.","Está el bueno del Hombre tan pagado de su gentileza, que me cuenta con grán satisfaccion, que todas las Damas le enamoran, pero que ninguna sino Irenitaserá la dichosa, porque es una Dama tan Marcial, y de Moda, que es la Maestra de quantos Cortejos tiene esta Ciudad, y que un Hombre como èl no se havia de hallar con mueble de menores circunstancias"
114,G00Q174,"No se oye mas comun declamacion en todas partes, que èsta:","Lucio es un ingrato, es un Hombre, que entrega â el olvido los mayores favores, pues en el tiempo de su miseria le socorrì con generosidad, y ahora que yá de nadie necessita, no hace caso de quien tanto le sirviò","Vm. tiene razón, y es muy cierto, que si es assi como lo publìca, que se halla con bastantes motivos su quexa."
117,G00Q175,"¡Valiente ignorancia! Se quexan de sus diligencias, se sus industrias, y ellos con los brazos cruzados viven siendo unos simples espectadores de su aplicacion á el trabajo.","Estos son los que dexè notados à el principio, y estos debian, haciendo lo mismo, y desvelandose igualmente por instruírse, evitàr el motivo de su mal fundada quexa.","Estudien, discurran, y trabajen como ellos, y si acaso su venida les es dañosa, el modo de contenerles en sus Payses, es huìr de la ociosidad, de las etiquetas mal fundadas, y entregarse á las mismas aplicaciones: que de esta manera imitando lo que fuere en ellos laudable, colmaràn nuestras Ciudades de Vecinos utiles, y saldrèmos de la precission de necessitarlos."
120,G00Q176,"Nunca le ví con recelo, ni sospecho de mi procedèr, porque su buen corazon le apartaba el pensamiento de todo lo malo: es verdàd que no tenìa de què: bonita soy yo para esso: hablàr, chanzeár, y divertirme con todo el Mundo, que esto no es ningun sacrilegio: pero meterme en honduras, guarda Pablo, esso no, que no soy tan tonta, que no sepa donde me aprieta el zapato.","Tenía muchissima confianza de mi, como que se hacía cargo de la prenda, que tenìa en Casa.","De esta manera lo passaba como una Reyna, servida, cortejada, y llena de Visitas â todas horas: sin que por esto, Señora Pensadora, me llevássen algun pedazo: entonces estaba alegre, contenta, gorda, y hermosa, que era un regalo el verme: bien podìa meter ruído en todas partes, y mas de quatro embidiosas tenía, porque sin dificultad me llevaba las atenciones de todos: sin que por esto diesse con los precipicios, las ruínas, los riesgos eminentes, que Vm. promete de su propria cosecha."
123,G00Q200,"Theséo, Aquiles, Pyrrho, Scipion, y Alejandro, no tuvieron reparo en baylar, y sujetar sus cuerpos militares, y triunfantes, como dice Seneca, al numero, y cadencia de los instrumentos.","Epaminondas no se desdeñaba de mezclarse en las danzas de los muchachos de Thebas, su Patria, ni creía obscurecer con esto la gloria de sus victorias, ni la pureza de sus costumbres.","Socrates aprendió à baylar, y tañer instrumentos, siendo yá de edad muy abanzada."
126,G00Q177,"Una, y otra opinion he visto defender, pero siempre hablando de los Yernos, que saben cumplir con su obligacion, y son capaces de fomentàr, y conservàr las haciendas, que les entragaron: pero de los descuydados, y ociosos que no tienen industria, ni la solicitan para adelantár el Caudal de sus Hijos, de estos no se habla en la qüestion, porque estos deben sér tratados, no como utiles, y bien quistos à sus Suegras; sino como Hombres viles, acreedores del desprecio, y dignos del mas cruel olvido.","En pocas partes del Mundo se vè con mas frequencia este desorden, que en esta Ciudad.","Es grande el número, de los que abandonando los despreciables lugares de su nacimiento, obligados de la natural miseria de sus Países, y sin mas arbitrios que una crianza bastante humilde, y muchas ganas de juntar Doblones, se amparan de esta Ciudad, los que á pocos años de vivir entre nuestras patrias abundancias, se acostumbran tanto á las profusiones, que sin dificultad exceden à los mismos Naturales en las prodigalidades, á las que con dificultad pueden subvenir sus industriosas ocupaciones."
129,G00Q179,"y si hé de confessar la verdad, me discurrìa por dichosa quando conseguìa un Hombre por Marido, que daba â entendèr, pondría todo su cuydado en corresponderme, y desvelarse en amarme: de modo que yà estavan demás los ruegos, quando se puso engañada de su parte mi voluntad.","Estas fingidas esperanzas, y las importunas ponderaciones de todos los que me trataban, como conquistados de sus regalos, me llevaron voluntariamente â manos de mi mayor desgracia.",
132,G00Q180,"Diràn muchos, que se discurre bien desde seguro, y fuera de las tristes escenas de los llantos que dista mucho lo que aconseja como factible, de la pràctica en las ocasiones, que se ofrecen de pesar: que es pretendèr una locura, querèr que los Hombres se muestren insensibles â las desgracias, quando es tan natural el sentimiento.","Si esto intentàra, sería un disparate: lo que culpo, y condeno como indigno, no es aquel sentimiento discreto, que se forma de los males, regulandole siempre con lo justo, para que no exceda su linea, y passe â ser impaciencia, ô desesperacion: no es este, porque assi es precisso, y honesto;","y de lo contrario serìa no tenèr discurso, ni facultades racionales: pongo por objetos de mi reprehension aquellas aflicciones ponderadas, aquellos mugeriles desmayos de espiritu, y aquel negarse de proposito â los consuelos de la razòn, y los Amigos: dexandose llevár tan neciamente del pesar, que parece hacen vanidad del sentimiento: esto es lo que rebato, y esto es lo que caracteriza, â los Hombres de apocados, cobardes, ê inutiles: dexandoles en el grado de que se les mire con lastima, y no con compassion: pues en lugàr de entristecerse de sus penas, quando tanto se sujetan â sus insultos, causan lastima, por considerarles tan lejos de parecer Hombres de juício"
135,G00Q181,"Una, y otra opinion he visto defender, pero siempre hablando de los Yernos, que saben cumplir con su obligacion, y son capaces de fomentàr, y conservàr las haciendas, que les entragaron: pero de los descuydados, y ociosos que no tienen industria, ni la solicitan para adelantár el Caudal de sus Hijos, de estos no se habla en la qüestion, porque estos deben sér tratados, no como utiles, y bien quistos à sus Suegras; sino como Hombres viles, acreedores del desprecio, y dignos del mas cruel olvido.","En pocas partes del Mundo se vè con mas frequencia este desorden, que en esta Ciudad.","Es grande el número, de los que abandonando los despreciables lugares de su nacimiento, obligados de la natural miseria de sus Países, y sin mas arbitrios que una crianza bastante humilde, y muchas ganas de juntar Doblones, se amparan de esta Ciudad, los que á pocos años de vivir entre nuestras patrias abundancias, se acostumbran tanto á las profusiones, que sin dificultad exceden à los mismos Naturales en las prodigalidades, á las que con dificultad pueden subvenir sus industriosas ocupaciones."
138,G00Q201,"Si es antigua la charlatanería en otras Facultades, no lo es menos en la Medicina.","Examinense las Historias de los Egypcios, y de los Hebreos, y se encontrará crecido numero de impostores, que abusando de la débil credulidad de los hombres, se jactaban de curar las enfermedades mas inveteradas, por medio de amuletos, talismanes, adivinaciones, y especificos.","Tambien los Griegos, y Romanos se vieron inundados de esta plaga."
141,G00Q183,"Estoy perdido, y aún me hè querido pregonàr, por vér si me encuentro; pero el impossible de conseguirlo me lo hà borrado de la cabeza.","En fin Vm. no estrañe el modo de explicarme, porque realmente estoy loco, no sè lo que me digo: y lo peor es, que aunque lo conozco, no lo puedo remediár","Mas por si acaso Vm. como sabe tanto, segun publìca la misma ociosidad, discurre algun remedio, para que vuelva â el estado de mi antigua inociencia, la suplìco por esta Carta me le communique, esperando de su buen genio, no me escasearà la respuesta: y para que se entère de mi accidente, prevenga de atenciones su discurso."
144,G00Q184,"¿Para decirme, que tiene â un Primo suyo por Cortejo, y que duda, que por ser su Pariente se deslize à la nota del Mundo, y se vèa comprehendida en las satyras, que se han suscitado contra las Damas Cortejos, tenia tanto que discurrir, ni molestarse?","Señora Culta, su Carta es un farrago de los mas despreciables, y en su obscuro contexto se mira la satisfaccion de su duda.","¿No dice Vm. que se quieren, y que el tal Señor mio la pondera su afecto?"
147,G00Q185,"Una de dos: ô las Mugeres solas hàn de ser las Curiosas, y las que se desvelen en andár rastreando quanto sucede, para hacerlo sabroso plato de sus Visitas; ô yá que las Pelucas nos quitan el laurél en esta hazaña, se les debe imponer perpetuo silencio, ê impedìr nos hagan complices de un delito, que ellos posseen como diversion festiva, è inocente.","Yo por mi desgracia me hallo Casada con un Curioso tan fino, que por la menor novedad que se le presente, se estará dos dias sin venir â casa, hasta conseguir hallarse informado de sus menores circunstancias, para despues tener assumpto flamante en las Tertulias","Si el Amigo se pone alguna gala, si la conocida estrene la mas despreciable friolera, todo le alborota, y hace las mas exactas diligencias por sabèr de donde saliò su importe, de donde hà venido: si há sido regalo, quién, y por què causa: si comprado, quando, y còmo: y este mismo, como todos, llama â las Mugeres Curiosas, y pondèra por insufrible nuestra curiosidad."
150,G00Q202,"La Pensatriz Salmantina, cuyas dos primeras Idéas remite à mi parecer, el Señor Don Juan Pablo de Salvador y de Asprer, Corregidor, Capitan à Guerra, Subdelegado General de todas Rentas Reales, y Servicios de Millones de esta Ciudad de Salamanca, su Jurisdicion, y Provincia, por el Rey nuestro Señor (Dios le guarde) y Juez Subdelegado de Imprentas en ella &amp;c., ni piensa, ni idéa, ni discurre en cosa alguna, que pueda empañár la pureza de nuestra Santa Fè Catholica, perjudicár à las Reales Regalías, ni oponerse en un àpice à la recta moderacion de las costumbres.","Antes bien, por su modo de pensár se dexa discurrir, que tiene ideádo el contribuir por su parte, al destierro de las mas raras extravagancias y corruptelas, con que los hombres se han empeñado en echar à perder cada dia mas el mundo.","Y èsta Idéa, aunque poco fecunda por la indisposicion (ò llámese mal humór) del terreno, que se pretende abonár, es laudable, y tendrá siempre segura la Aprobacion de los que piensen bien."
153,G00Q203,¿Ygnoras por ventura que no es dable consiga sacrificios como Diosa quien muger se acredita en lo mudable?,"Llega á tanto nuestra estoildéz, que pasa los limites de lo racional, pues nos dexamos regir de la vanidad, monstruo tan poco escrupuloso, que vive contento en las lobreguezes, siendo solamente éco que resuena, afan de desperdicios, tarea de inutilidades, tela de Arachne, y finalmente, carencia de un todo.","Este, pues, aborto de la naturaleza, es quien fomenta la tirana moda, que nos excita á salir de nuestra esfera, siendo tan vigorosas sus fuerzas, que nos arrebata, y usurpa los caudales, forzando à servirnos graciosamente de los que quiera presentarnos su capricho."
156,G00Q204,"El Mundo está lleno de Orates, y es cierto que todos tenemos nuestros defectos, y pasiones; pero tambien lo es, que todos somos necios, y locos; unos mas, y otros menos; unos por dentro, y otros por fuera.","¿Què mayor locura, que sin embargo de ser yo un hombre docil, de buena pasta, y sin malicia, aseverar, que soy un satyrico, perverso, y mal humorado?",No pudiendo disuadirle de este capricho por mas que haga los mayores esfuerzos.
159,G00Q182,"Mis galas competian en antiguedad con mi nobleza, pues podian echar la pierna â la genealogía mas asquerosa de rancia: todas eran hechas por un Anciano Sastre del Pueblo, que lo fuè en su mocedad de una Dama de Madrid, que vino â ser Corregidora de mi Patria, y conservaba el buen Hombre tan acerrimamente aquellas idèas, que decia con mucha satisfaccion, que assi se estilaba en la Corte, porque el año de seis quando vino el CorregidorDon Anselmo, su Muger le havia dado los moldes de los vestidos, que eran de la mas rigorosa moda","Todas las Señoras estabamos muy contentas con èl, quien se hacia pagar muy bien por su especial havilidad, y bello gusto: encargandole nosotras, que por ningun motivo vistiesse de aquella manera â ninguna Muger humilde, porque le hariamos dàr de palos, y desterràr de la tierra.","Quando saliàmos de Casa, nos encontraban algunos Cavalleros conocidos, con baxarles un poco la cabeza cumpliamos con todo el ceremonial de nuestra hidalga politica, que enseña no ser decente à las Damas hablár con ningun Hombre en la Calle: la que advirtiendome una vèz mi Tia, la repliquè: que en atencion â esta ordenanza, siendo precisso tratar con alguno, seria mejor hacerle venir â Casa, y en un lugar oculto hablarle, para que de este suerte, ni yo quebrasse el estatuto ni nadie me lo murmurasse"
162,G00Q205,No pensaba ella sino en los medios de hacer á su marido mas llevaderos sus trabajos.,"Se le presentaba siempre lleno el semblante de serenidad, y tan contenta como pudiera en medio de la abundancia y las riquezas.","El dia que no tenian que comer parecia mas alegre aún, y mas risueña de lo que acostumbraba."
165,G00Q187,,"Pero vease â uno de estos tenidos por infelices, que bien hallado con su suerte, vive apartado de la confussion de las Cortes, y Ciudad es","Apenas el Sol esparce sus luces sobre el Horizonte, quando abandonando el lecho, dueño de si mismo, y llevando en en"
168,G00Q206,"Si lo que trabajó para sus amigos, lo huviera hecho para sí, le veriamos hoy colocado en uno de los primeros empleos.","Y estos mismos amigos le miran con indiferencia, punto menos que en la miseria de que él los sacó, y de que son ellos la verdadera causa.",¡O tiempos!
171,G00Q186,"El mas felíz afortunado puesto â la frẽte de sus negocios, lleno de sobresaltos, oprimido de varias imaginaciones, y desvelado por añadir pabulo â la insaciable llama de su Avaricia, en las estimaciones que disfruta, en los buenos sucessos que logra, y en la grandeza de que se vé posseedòr, halla otros tantos motivos que le desvelan, le afligen, y mortifican","Se vè sujeto â las trayciones, expuesto â los engaños de tantos viles intentos como procuran usurparle su hacienda.","Entre la suavidad, y delicadeza de las Olandas, y lecho dorado no puede conciliar el sueño: allì de tropèl le assaltan los cuydados crueles, le asustan las tormentas que teme, las Guerras que rezela, la escaséz, y la abundancia le inquietan, nada le lisonjea, y siempre en un continuo desasossiego, la cama, que â el mas infelìz Labrador es el lugar del descanso, y sossiego, donde dán punto las diarias molestias de sus fatigas, es para este infelìz duro campo de batalla, donde padece afligido los fieros assaltos de los enemigos de su descanso, y quietud."
174,G00Q188,"Es una cosa digna de la risa, el notar la destreza con que tuerce qualquiera conversacion, aunque sea entre gente muy agena de la escuela, y la inclina â los assumptos de su gusto: y como por lo regular sucede esto entre muchos, que no hacen profession de las letras él se lo habla todo, no hay quien le contradiga, propone questiones, hace instancias, dà soluciones, y en una pieza se vé él, que ataca, y el atacado, la pregunta, y la respuesta, el vencido, y el vencedor, guisando los triumphos á el paladar de su opinion: teniendo â todos con la boca abierta, como si hablarà algun Pater Aeneas, vomitando admiraciones hijas de su ignorancia: pero nada le detiene â mi Primo, que con el aplauso le basta, que â un Hombre de mèrito conocido le alienta, y estimula el mirarse elevado â el Throno de Minerva, aunque sea por aquellos, que aún no saben à qué parte està el primer escalon de su subida.","De esta continuacion de aplausos ha venido â hacerse de un genio tan atrevido, y falto de politica, que â todos increpa de ignorantes, sola su opinion es la mas segura, y lo que es mas (aquí entro yo) quiere, y pretende que las Damas, que nos hallàmos oprimidas de mil cuydados domesticos, seámos Philosophas, Naturalistas, Hystoriadoras, y Geometras.","Que nuestro comercio (aunque lo sienta la familia) sea con los Bacones, los Tritemios, los Pluches, Toscas, y otros authores de esta clase: que hablèmos Latin, Griego, y aún Hebreo; y de lo contrario nos llama ignorantes, necias, y para poco: expressiones que nos hieren en lo mas vivo de nuestra opinion."
177,G00Q207,Es muy digna de notarse aqui la legislacion de los Romanos sobre este punto.,"Esta sábia República tenia establecida la pena de muerte muy raras veces, y solo por crimenes muy graves.","Con todo eso, en las leyes de las doce tablas se hallaba impuesta esta pena contra qualquiera, que por medio de algun escrito huviese desacreditado à un Ciudadano."
180,G00Q189,"Apartose con esto, dexandome anegada en un mar de confusiones, y llena del mas honrado pudor â el vèr proposicion tan atrevida.","Mil veces quise matarme, pero mi desgracia quitò el valor â mi determinacion: y combatida por los fingidos halagos de al",y quedando yo la Muger mas inféliz del Mundo; pues en medio de tantos obsequios lloraba mi honor sacrificado â una ruindad.
183,G00Q208,"¿Quándo floreció mas la República de los Romanos, si no quando sus costumbres tenian mayor semejanza con las de un christiano perfecto?","¿Quando estaban, digo, en honor entre ellos, la pobreza, el amor al trabajo, el odio à la ociosidad, el desprecio del luxo, y de los deleytes.","No; las prácticas de Religion, y de piedad, con todos los exercicios mas austéros de la perfeccion christiana, no son en manera alguna incompatibles con la vida de un Ciudadano y de un perfecto Ciudadano."
186,G00Q209,"Yá se vé, no podria sin injusticia pronunciar à favor de la otra.","Pero entraban los empeños, los regalos, las promesas, ¡y quán dificil era que se resistiese siempre à unas máquinas como estas, capaces de batir la mayor constancia!","Nada hay ahora de esto que temer, sino en un pequeño número de casos, gracias à los desvelos de los Jurisconsultos."
189,G00Q210,Paysano y Amigo: no estrañe Vm. que no concurra hoy à la cita de ayer: no estoy enfermo;,"pero un accidente peor para mí que una buena enfermedad me obliga à guardar Casa por algunos dias, y à no presentarme donde Gentes me vean la cara, hasta que à todas se les haya borrado de la imaginacion mi fisonomía.","Creo que si saliese por esas calles, habian de soltar la risa quantos me viesen."
192,G00Q211,"Solo hay en esto que evitar cierto exceso, que hace à algunos descorteses à fuerza de cortesía;","hablo de aquella prodigalidad de ceremonias, y cumplimientos que caracteriza à los Caballeros de Lugar por la mayor parte;","de aquella terquedad en hacer acetar à uno una honra, que no le corresponde, y que no puede admitir sin exponerse à pasar por loco."
195,G00Q212,"Pero el ocioso, que no tiene oficio alguno, ni cosa en que entretenerse, está siempre pidiendo, que lo necesite, ò no: ruega, sigue, importuna à quantos se le presentan.","Sabe valerse, perdida enteramente la verguenza, de mil artificios, que el uso, y una larga experiencia le han enseñado, para aparentar su miseria.","Tales son los gestos estudiados, los clamores modulados, las vendas, y unguentos que hacen parecer llena de ulceras la pierna mas sana, y mas robusta del mundo, las llagas mantenidas con estudio, y otros embustes de esta naturaleza, que no podrian sostenerse en un Hospital de impedidos; pero que se sostienen admirablemente en medio de una calle, ò à la puerta de una iglesia."
198,G00Q213,"Yá sabe Vm. la altura en que yo estaba con mi Señora Doña G : la satisfaccion, la intimidad, la confianza con que se me trataba.","Pues, Amigo, sepa Vm. que todo se lo llevó el diablo, si Vm. no me vale;","y por consiguiente todas mis esperanzas que, como Vm. no ignora, están fundadas en el Marido de Madama."
201,G00Q190,"Porque siendo una materia que toca tan en el fondo de nuestras costumbres, se reserba para su oportuno lugar, en donde se hará demonstracion de las justisimas causas por que la ilustracion de los siglos ha hecho combeniente y necesaria la variacion de sistéma en éste particular, y la que subcesibamente ba adquiriendo cada dia, para no ser la burla y el oprobio del mundo, y hacer algun papel entre sus Naciones cultas, y civilizadas","De aqui es que no hablará una palabra en asunto de la moda, aquel ente que, en sentir de nuestros Catones, trae en perpetuo jiro y continuo mobimiento los cerebros vacíos, ligeros, y volatiles.","Pues es tanto, y todo tan bueno lo que tengo muchos dias há trabajado en defensa de éste hermoso, y estupendo fanatismo de la Sociedad, que aun teniendo cabimiento en el designio de la presente obra, no le tendria en toda la extension de éstos Preliminares"
204,G00Q214,No puede negarse se halla en esta Carta el carácter de sencilléz y claridad propias de un buen Inglés.,"Si tal vez sus expresiones son un poco atrevidas, y sus comparaciones odiosas, deben permitirse à un hombre, que no ha nacido con la obligacion de hablarnos segun nuestro gusto.","Por lo demás el Público juzgará de su contenido, cuyo juicio no me es licito prevenir."
207,G00Q191,"¿qué les pareció à V.ms. la novia? ¿No es verdad, que embestia con aquel vestido? Pues el aderezo, que tenia, no es cosa.","Tal qual diamantillo tiene; pero lo demás son chispas, y todo ello de muy mal gusto.","¿Y el novio? ¡Jesus, qué hombre tan cerril! A mí me pareció que estaba espantado."
210,G00Q215,¿quánto mejor estaría frente à frente del toril en una tarde de toros?”,"A mí me hizo reir este ofrecimiento, mas no asi al otro, à quien antes le irritó tanto, que à breves razones vino à decirle que era un herege, y que su proposicion era no tan solamente impía, heretica, erronea, y escandalosa, sino tambien capciosa, y piarum aurium ofensiva:","y apurado un poco añadió, que se la daría condenada in terminis en el Concilio Lateranense."
213,G00Q192,"Una dosis mas, ò menos fuerte de Eleboro, nos huviera sacado de cuidado; pero si el mal se propaga à las demás clases, pide otra atencion. Min","La epidemia, Señor, ha cundido tanto, que el infierno no se conoce, ni las gentes se entienden.","Los Albañiles, que trabajaban en la habitacion antigua de vuestra grandeza, han tenido que suspender la obra, porque no podian hacer carrera con los peones"
216,G00Q216,"Pero otro le dice una palabra injuriosa: la sufre con paciencia, y por el infame placer de la venganza no quiere, contraviniendo à todas las Leyes divinas y humanas, exponer su vida, ni la del otro.","Es un cobarde, un vil, un indigno de los honores que goza, y de alternar con quien tenga el corazon bien puesto.","Otro al contrario, la juega con una fiera, sin necesidad, ni utilidad alguna, ò acaso por un vil interés."
219,G00Q193,"Aqui viene un Poeta muy hueco, y erguido; y si no me engañan las señas, es Q.*** Sí: èl es, y à lo que entiendo, viene repasando los sucesos de un marido paciente. IV. Poet","Selvas, y bosque de amor, dehesas, sotos, y campos, quien os cantaba soltero, os viene à mugir casado.","De puro casado temo, si me escondo, ò si me tapo, que los que no me conocen, me sacaràn por el rastro."
222,G00Q217,"El primero de ellos tiene, segun expone en su memorial, una pasion declarada à las autoridades;",una margen bordada de citas es un espectáculo que de modo le arrebata que es capaz de devorar un libro en que la vea.,"Al contrario, no ha podido jamás reducirse à leer uno de estos que se traducen del Francés."
225,G00Q194,"No adquirió Timoleon la fama immortal, que acompaña à su nombre, por su valor, por su prudencia, ni por ser de la primera nobleza de Corintho; ganóla sí por su beneficencia, sacando à los Syracusanos de la opresion en que gemian, arrojando los tyranos, que tenian esclavizada la Sicilia, y socorriendo con entrañas de padre las miserias de aquellos moradores.","Pero en cambio de estos beneficios, ¡qué tributos de reconocimiento no adquirió aquel magnánimo corazon!","La pública confianza, el amor comun, no haver tratado de paz, establecimiento de ley, particion de tierras, ni reglamento de policía, que fuesen agradables à los Pueblos, si Timoleon no les ponia el sello con su aprobacion; y sobre todo, la satisfaccion de vér tantas Ciudades, y tantos millares de hombres, que le debian su reposo, y su felicidad, vé aqui una parte de los frutos, que sacó aquel Heroe de su beneficencia"
228,G00Q195,"Es muy notable, y digno de compasion, que un padre, que no perdona gasto alguno para procurar à sus hijos establecimientos brillantes, y que à costa de gastos excesivos les mantiene magnificos vestidos, y equipages, y multitud de criados inutiles, solo conozca la economia quando se trata de buscar, y atraher una, ò mas personas, que cultiven el espiritu de los mismos hijos, los instruyan en la Religion, planten en sus corazones las semillas del sano Moral, y de la buena politica, los inclinen à cosas virtuosas, y utiles, y cubran su mas vergonzosa desnudéz; esto es, sus defectos naturales, sus malas inclinaciones, y su ignorancia.","Pero ello es, que se encuentran padres de este temple: que son muchos los que se encuentran; y que su conducta es prueba evidente de que aquellos gastos se sacrifican al orgullo, y la vanidad, sin tener parte en ellos el sincero deseo de hacer bien à sus hijos",
231,G00Q196,"Este tiene enteras sus pasiones: gusta de vestirse como un muchacho petimetre, y de comer con regalo: tiene su poco, ò su mucho de cortejo: es amigo de baylar, y de decir media docena de requiebros à las niñas, y de hacer del Adonis: no sabe el Cathecismo, ni si están abiertas, ò cerradas las puertas de los Templos en los dias de trabajo, ni elevar los ojos, ò el espiritu à quien le dá el pan, de que se sustenta, y el ayre que respira:","¿con qué cara podrá decir este animal, que tiene sesenta años, no haviendo aprendido en ellos à dominar sus pasiones, à despojarse de los antojos de la niñéz, y de los ímpetus ciegos de la juventud, à conocer los principios de su Religion, ni à dár tributo de adoracion al Señor de todo lo criado?","Si éste (que no puede llamarse hombre) dice que tiene treinta años, dice demasiado"
234,G00Q197,No quiero: que no me gustan estas hypocresìas.,"Pues como iba diciendo; apenas llegué à tocar los rayos de la razon, me vì sin Padres, y baxo la educacion de un Tio mio, hombre machucho, afilosofado, y dotado de aquel intrinseco azibarado ingrediente, con que diz que se destetan los Niños","Tenìa su Mrd. tanta dosis de este mimi-fúgo, que era en el particular el verbi-gracia de su tiempo: y aun oy se conserva hasta en Texares, Villamayor, y otros Lugares proximos à Salamanca, la fama de aquella gracia de mi Tio, que estè en gloria; cuyo Epitheto destetador es todavia mas terrifico, funesto, y escandaloso para los Chicuelos, y Criaturas, que el Coco, el Bú, y la Marimanta; de suerte, que con decir à algun Chiquito su Madre, à que llamo al Destetador, es quanto puede ocurrirsela para hacerle entrar en carril"
237,G00Q198,"Acudirà à los theatros para hacer notorio que no son tan malas nuestras comedias, como algunos modernos críticos vociferan; teniendo sus nulidades tambien las estrangeras.","Finalmente, èl és racional y como tal apetece las diversiones.","Declamará contra los malos, para que haciendo patentes sus yerros, y conociendo lo amable de la virtud, y aborrecible del vicio, desampáren las torcidas huellas del ocio, y vanidad en donde lastimosamente yacen sumergidos."
240,G00Q218,¿No encantará esto á qualquiera hombre de buen gusto por lo oportuno y lo urbano?,"¿Sabia vmd. acaso hasta que nos reveló el secreto dicho venerable Colector de Comedias, que Racine habia sido un imbecil, Cosme Damian, un hombre falto de juicio, y de talento crítico?","Pues si nada de esto sabia vmd., y pasaba miserablemente su vida, ignorando primores tales, ¿por qué no ha de venir el agradecimiento en pos de la fineza?"
243,G00Q199,"Señor entretenido: El Mundo está lleno de Orates, y es cierto que todos tenemos nuestros defectos, y pasiones; pero tambien lo es, que todos somos necios, y locos; unos mas, y otros menos; unos por dentro, y otros por fuera.","¿Què mayor locura, que sin embargo de ser yo un hombre docil, de buena pasta, y sin malicia, aseverar, que soy un satyrico, perverso, y mal humorado?",No pudiendo disuadirle de este capricho por mas que haga los mayores esfuerzos.
246,G00Q219,Digame Vmd. en Dios y su conciencia (si la puede tener un Censor),"¿qué juicio formaria su merced de un Médico que llamado á curar un Escrofuloso, Elephanciano ó Ethico, descuidase estos tres terribles males, y emplease solamente su charlataneria en medicarle un sabañon ó un uñero?","Estos no son males ni de riesgo ni prolificos, aquellos son contagiosos, malignos, y acreedores á que su cura exîja toda nuestra atencion y cuidado."
249,G00Q220,"Y si alguna alma de cántaro se le escapó, fue por no saber donde vivia.","Ellos están en la posesion (no sé si inmemorial) de divertir y entretener á la cazuela con su buen humor y gracias poëticas, y consiguientemente tienen á su favor todo Madrid.",Ya no es la primera vez que hasta las mismas del Avapies se interesaron en tomar venganza de los agravios que algun otro indigno les habia hecho.
252,G00Q221,"Llegué con esta educacion á los años en que las pasiones lisongeadas y acariciadas con el luxo comienzan á exercer todo su imperio sobre la juventud, y á exîgir de ella el tributo de la sensibilidad que causa tantos males y tantos bienes.","Mi temperamento, naturalemente vigoroso, halagaba infinitamente las inclinaciones de un corazon demasiado simple y amoroso.","La naturaleza, ¡ay de mí! le habia formado para amar, y este fue el origen de todas las desgracias que despues le sobrevinieron."
255,G00Q222,"Yo no quisiera engañarme, ni entrar apasionado en este exâmen.",El amor de la verdad gobierna mi pluma y no me permitirá exâgerar ni declamar vanamente.,"No señor. La razon no busca entusiastas, ni se hace accesible al tropel de los aturdidos."
258,G00Q223,"Como vmd. me acredite lo contrario, le repliqué, (á la verdad algo mohino, porque me disgusta no se aprueben todas mis cosas, ya sean malas ó buenas), estoy pronto á mudar de parecer;","pero decir como muchos, eso no vale nada, eso es un asco, y no probarlo, ya vé vmd. que son expresiones muy vagas, muy despreciables, y que todo hombre de juicio se rie de los que fallan por este estilo.","Asi, amigo, pruebas, pruebas, y dexemonos de generalidades."
261,G00Q224,"Nada se oia, nada se veia en ella sino continuos ataques, continuas piraterias, y ciertas intestinas convulsiones que destruian en un todo la constitucion general.","Homero era un famoso Astrólogo politico, que adivinando las funestas resultas de semejantes desordenes, queria con la moral de su obra curar males tan graves.","Se valió para conseguirlo de la voz de la razon, de la fuerza de los exemplos, de la magestad del estilo, de la pompa de las palabras, y de los encantos de la Poesía."
264,G00Q225,"Si aquel resulta inocente, sufre este irremisiblemente la pena que debia imponersele al otro por el delito que le imputaba.","Un malvado insulano con el fin de enriquecer el Fisco, propuso se confiscasen los bienes de cierto miserable que acababa de ser condenado á muerte.","Bárbaro, le dixo el Presidente del primer Tribunal, ¿aun te parece que son poco desgraciados su muger é hijos, ella en tener tal esposo, y ellos tal padre, sino que quieres tambien que la ley castigue á inocentes?"
267,G00Q226,"En ninguna de quantas Cartas tengo escritas á vmd. le he dado noticia de mi salud, ya fuese porque no le considerase de los mas interesados en ella, ya por descuido natural: pero ahora me veo en la precision de decirle, que hasta el presente la he disfrutado tan robusta que podia apostarselas al mayor necio;","mas como toda cosa mortal declina, hace algun tiempo que la tengo tan quebradiza y delicada como puede ser el honor de una dama en boca de un pisaverde.","Por lo tanto, si acaso en algun correo se hallase vmd. sin carta mia no lo achaque á pereza en escribir, no á que me falten asuntos que comunicarle, ni que pueda haber otro motivo que el dicho capaz de interrumpir mi correspondencia."
270,G00Q227,¡O si renaciesen aquellos felices tiempos en que en nuestra España iban las mugeres á suplir por sus maridos á los Oficios del Coro!,¡Qué delicia no sería oirlas entonar con sus encantadoras voces el Te Franciscum laudamus por alguna victoria contra infieles!,"En fin si no temiera cansaros, con gusto os contaria, amados Clientes mios, otros mil primores no solo teológicos y morales sino tambien históricos y políticos que se hallan en este libro."
273,G00Q228,"Ya iban á acabar conmigo todos estos sentimientos; quando quiso mi fortuna darme á conocer el principio de donde dimanaban, y el remedio que me habia de sanar de todos ellos.","Deje de pensar por un rato, y ve aqui que de repente se deshacen todas mis dificultades y temores.","Que importa, decia yo, que me haya abandonado un Cliente, si militan bajo mis banderas una infinidad de Sabios, que es supuesto que lo son, y que exigen de justicia mi poderoso patrocinio?"
276,G00Q229,"Sepa Vm. que, asi como á muchos no hacen mella los Gritos del Purgatorio, tampoco la hacen en nosotros los gritos de la ignorancia.","¿Quántos hay todavia en nuestra España, muy revestidos de Doctores, que no se desprenderán de sus errados systemas, aunque se les ponga á los ojos la evidencia?",¿Quántos que preciados de Maestros en las Ciencias no saben todavia sus principios?
279,G00Q230,¿Quién podrá llenar el hueco que hoy te dexa mi Cliente?,"La eloqüencia, el bello gusto, la erudicion, el decoro, la urbanidad, el chiste, todo desapareció con el Juzgado y no habrá ya quien se atreva á sucederle dignamente.","¡Pobre de mí, que me falta ya el apoyo de mis mayores esperanzas!"
282,G00Q231,Tenia yo (lo confieso) mi poquitito de envidia al ver que el Domine Censor y su Corresponsal nos daban en cuerpo y alma mil cartas que se les remitian;,"y como nadie hasta ahora se habia acordado de mí para este efecto, y debia trabajarlo todo por mí mismo, me iba desanimando poco á poco de mi empeño.","Pero, gracias á Dios, ya llegó tambien mi hora, y tengo la satisfaccion de publicar no una Carta como quiera, y en que yo no haya tenido parte alguna;"
285,G00Q232,"Es una maxîma de gobierno que varios han seguido, quando la mayor ó mas distinguida y principal parte de un Pueblo concurrió á algun grave delito, hacerse desentendidos de él, para no castigarlo haciendo perder de un golpe al Estado un gran numero de Ciudadanos que pueden servirle con utilidad.","Una cosa semejante creen ellos que ha de sucederles en el Tribunal Supremo, respecto de aquellas acciones delinqüentes, en las quales tienen por complice á la muchedumbre.","Pareceles que ya que no del todo aniquilada, podrá ser á lo menos notablemente disminuida la gravedad, y por consiguiente la pena de un delito por el gran número de los que le cometen, y se imaginan que una culpa, cuyo peso sería excesivo para los hombros de un hombre solo, se hace mas ligera repartiendose entre muchos."
288,G00Q233,"¿Es este un medio de animarle y empeñarle mas y mas en el bien obrar, y de inspirar una gloriosa emulacion á los demás?","¿Y con qué han de pagar los subditos á su Principe las mercedes que les haga, sino de esta manera?","Los Principes se parecen en esto, como en otras cosas á Dios, á quien no podemos pagar sino con nuestro corazon."
291,G00Q234,Entretanto veía perderse mi credito de dia en dia.,"La miseria iba á oprimirme, y no me quedaba ya sino este infame medio para librarme de una inminente ruina.","La persuasion, las amenazas, la pintura de la infelicidad que nos esperaba, vencieron por ultimo la resistencia de mi esposa."
294,G00Q235,"¡O quánto rostro veo á mi censura De palidéz, y de rubor cubierto!","Animo, amigos, nadie tema, nadie Su punzante aguijon, que yo persigo En mi Sátira al Vicio, no al vicioso.","¿Y qué querrá decir que en algun verso Encrespada la bilis, tire un rasgo, Que el vulgo crea que señala á Alcinda?"
297,G00Q236,Como si la intencion de la Iglesia no fuese que nos mortifiquemos no menos por la sed que por el hambre.,"¿Quién no se horroriza de estas mesas, en las quales nos abstenemos, á la verdad de los manjares prohibidos;","pero les substituimos otros de mayor precio, mas exquisitos, mas delicados, que irritan mas el apetito, y lisongean mas el paladar, y usamos de ellos con la misma profusion que en los tiempos de licencia?"
300,G00Q237,"Pues tambien yo Señor mio voy á concluir esta diferencia con una satisfaccion que ya Vm. no esperaria de mí, y con un consejo, que aunque de enemigo, le puede Vm. tomar por saludable.","Yo le confieso á Vm. que si hubiera previsto su colera no hubiera entrado en la disputa, en que insensiblemente nos hemos empeñado, no teniendo yo en ella interés alguno;","porque me dicta la prudencia que no incomode á nadie por despreciable que me parezca, si no espero sacar de ello una utilidad superior á los inconvenientes: esto es respetar á mis semejantes."
303,G00Q238,"pongamela Vm. de buen humor porque acabo de hacerla una trabesurilla, y si Vm. no lo remedia me temo que hemos de estar esta noche de Aguilas Imperiales.","Le hemos manifestado varias veces quán impropias nos parecen de un hombre bien educado, y quanto nos ofenden éstas y otras expresiones;",pero no hemos conseguido sino empeñarle mas y mas en sacarnos los colores á la cara.
306,G00Q239,"Observe Vm. aquel Sabio Ministro, que despues de haber seguido su carrera literaria con aplicacion, y estudiado los Autores Griegos y Latinos, para aprehender en ellos el modo de gobernar los pueblos y hacerlos felices, no sabe todavia dominarse á sí mismo, y tener una vida feliz.","¿Quántas injusticias, quántas intrigas interesadas, quántos proyectos de ambicion le hicieron pasar las noches sin reposo?","¿Y de qué le sirve á este hombre la filosofía, y la ilustracion?"
309,G00Q240,"Ellos nos harán creer que somos la Nacion mas rica y poderosa del Universo, y aun que hemos llegado á los ultimos extremos de la felicidad temporal;","y adormeciendonos sobre nuestros males, que por ser de este mundo no son sino verdaderos bienes;","y manteniendonos en nuestra ignorancia, que es el unico muro que nos defiende de la riqueza y prosperidad: la ignorancia aumentará los males; y los males fortalecerán mas y mas la ignorancia."
312,G00Q241,¿La industria y el Comercio de Cartago no fueron su ruina?,"¿Roma, en fin, no fue el terror de las Naciones, en tanto que ningun Ciudadano tuvo por pequeña la porcion de tierra que bastaba para mantener á un hombre:",y de una tropa de malhechores y esclavos fugitivos no hizo la frugalidad y parsimonia los señores del mundo?
315,G00Q242,"Lisandro no alteró la forma de gobierno que habia dado Licurgo á su patria, y largo tiempo despues de las batallas de Leuctres y de Mantinea conservaba aun el miserable Espartano la autoridad soberana, sus Reyes, sus Ephoros y su Senado.","¿Qué nacion mas floreciente que los Egypcios no obstante el poder sin limites de sus Reyes, mientras no fueron corrompidos por la ambicion de Sesostris?",
318,G00Q243,"El ardor con que Caton iba á proseguir en su vehemente declamacion se interrumpió de repente con los gritos de una turba de jovenes, que no se que novedad inesperada atrahia al foro.","Vuelve la cabeza el venerable anciano, y vé ¡ó dolor! ¡ó oprobio!","vé á su nieta, á la hija de Porcia sentada en un carro magnifico y ocupada en limpiar el rostro de uno de aquellos plebeyos que cuidaban de las rentas baxo la intervencion de los Caballeros Romanos."
321,G00Q244,"(sin duda con la intencion de que el mayorazgo no saliese de la linea) y asi aunque veían me dominaba la pasion del miedo, no tiraron á quitarmela, ni á fortalecer mi corazon;","antes mas me le afeminaron, y era tal el temor que me causaban los Duendes, que en oyendo á á",¿cómo podia yo (¡mal de mis pecados!) causar miedo á quien venía á ponermele?
324,G00Q245,"Como soy tan medroso, me sucede lo que á los niños, que si entre dia acierto á ver alguna cosa triste, lo mismo es quedarme dormido, que soñar al instante sobre aquello mismo.","Quiso mi desgracia que en aquella tarde viese entre varias Sombras la representacion de un Entierro, que no parecia, sino que ni mas ni menos era un Difunto que llevaban á la hoya entre quatro Terceros:","pues quando á mi parecer estaba bien dormido, imagino que veo junto á mí á mi compañero el Duende, y que muy furioso me cogió del brazo, llevóme por el ayre, y sin saber cómo, me metió por la puertecilla, ó escotilla de un desvan, tan lleno de telarañas, que aun despues que volví en mí, tuve que sacudirme la cabeza por un buen rato."
327,G00Q246,"Yo soy uno de los apasionados á las Comedias Españolas, concurro con indiferencia al Coliseo de la calle de la Cruz, ó del Príncipe, porque siempre han sido para mí odiosos los partidos de Chorizos, y Polacos;","á todos los Actores los estimo con igualdad, y miro por sus intereses, adelantamientos, é instruccion, escribiendo apologías imparciales en defensa del Teatro, y asi en nombre de todos los Cómicos Españoles te doy ahora la agencia de los Coliseos de Madrid, con la precisa condicion de que has de repartir este papelito con la mayor brevedad para que se vea en el tribunal de los Literatos.","Le respondí, que me parecia que la causa era buena, y que todo se podia remediar con mi eficácia y maña:"
330,G00Q247,"Por detrás de estos edificios asomaban unos espesos montes, que me parecia haberlos visto quando estaba despierto;","y revolviendo en mi memoria quáles serian, se apareció cerca de mí un mancebo de gallarda presencia que uniendo la hermosura con la seriedad presentaba el aspecto mas amable que pudiera figurar la imaginacion.",
333,G00Q248,Es inconcebible que haya otra causa distinta de la evidencia ó certeza que necesite al hombre á creer ni lo falso ni lo verdadero.,"Luego á la hora que no quiera creer lo falso, saldrá del error, ó lo evitará.","Luego es inconcebible que el hombre yerre, sino porque quiere, y sea la que fuere la causa que le hace querer."
336,G00Q249,Varios AA. refieren que un usurero arrepentido á la hora de su muerte mandó que toda su hacienda se restituyese.,Vió en esto el Sacerdote que le asistia un demonio en figura de jóven muy triste y llorando.,"Pasado breve rato vió otro demonio muy viejo con una barba prolixa y blanca, muy agoviado de espaldas, y con una muleta, el qual preguntó al mozo: ¿por qué lloraba?"
339,G00Q250,"Un dia tuvo oportunidad de herir una imágen de nuestra Señora, que se veneraba en un Monasterio.","Oyéron los golpes dos menestrales, que trabajaban en el claustro, y saliendo á la Iglesia, no solo viéron á la Imágen bañada en sangre, sino que la oyéron quexarse con amargos y sentidos suspiros.","Lleváronle a juicio, y por no poner el conveniente cuidado el Juez, ni el Abad, salió por libre."
342,,"La sal, el garavato, el ayre, el chiste.","La fama y los ilustres contratiempos Recordará con lágrimas Prosigue Si esto no basta, y te dirá qué año.","Qué ingenio, qué ocasion dió á los Chorizos Eterno nombre; y quántas cuchilladas, Dadas de dia en dia, tan pujantes Sobre el triste Polaco los mantiene."
345,G00Q251,Ya que todo entre nosotros va bien y se halla en la mejor situacion posible;,es menester que se guarde bien de contribuir ni con sus caudales ni con sus tareas á ningun establecimiento nuevo por mas que se ponderen sus ventajas:,"y que si tiene algun oficio ó empleo público, se contente con salir del dia y hacer lo que hicieron sus antecesores, sin añadirse trabaje, afanarse, ni incomodarse por ninguna cosa, sino en quanto sea preciso ó conduzca para proporcionarse algun ascenso."
348,G00Q253,"No obstante procurando esforzarme, y habiendo vuelto un tanto de mi primera turbacion, quise llegarme a ellos para apurar mis dudas é implorar su favor.","Mas yo no sé como entorpecidas por una especie de encanto mis piernas, al primer paso que fuí a dar caí tendido en tierra, de que no sin mucha fatiga pude levantarme.","Víme entónces cercado de aquella gente, que, sin contextar á ninguna de mis preguntas, me consideró inmóvil por largo espacio"
351,G00Q252,Ya que todo entre nosotros va bien y se halla en la mejor situacion posible;,es menester que se guarde bien de contribuir ni con sus caudales ni con sus tareas á ningun establecimiento nuevo por mas que se ponderen sus ventajas:,"y que si tiene algun oficio ó empleo público, se contente con salir del dia y hacer lo que hicieron sus antecesores, sin añadirse trabaje, afanarse, ni incomodarse por ninguna cosa, sino en quanto sea preciso ó conduzca para proporcionarse algun ascenso."
354,G00Q254,"Mas quiero no tenerlas, que dar motivo á que pregunten por que razon las tengo.",La verdadera gloria consiste en merecer la gloria.,"Porque esas honras vañs ese ouro puro Verdadeiro valor náon dá da gente Melhor é merecellos sem os ter, Que possuidos sem os merecer."
357,G00Q255,"Ademas de lo que allí dixe, mueve á publicar este papel el ser, cierto, un modelo de eloquencia.",Basten para acreditarlo algunas expresiones que van de bastardilla por su singular belleza y exâctitud.,Ya se sabe que este es un mérito esencialísimo en una obra de su género.
360,G00Q256,Artículo 6.,"Declara este Tribunal que no se admiten empeños ni resortes para que se inserten cartas ni otros papeles en el periódico que publica, pues bastará solo el mérito de la obra para que nosotros lo hagamos sin necesidad de ellos;","en la precisa inteligencia que si los hubiere, y fuesen tales que nos veamos obligados á condescender, no se formará queja si manifestamos al público las causas que nos precisan á la publicacion de un escrito que no merece presentársele por su inutilidad, mal estilo, ú otro qualquier motivo de los expresados en esta circular."
363,G00Q257,Pero ¿para qué se detienen mis labios en expresiones que recuerdan las tristes sombras que obscurecían la sociedad? Llegó por fin la época feliz del candor é ilustracion.,"La aurora de un nuevo periódico se presenta apacible á la sociedad, y la anima con indecible esplendor.","Ya, ya pueden gloriarse los ingenios de ver sus bellas ideas comunicadas á sus compatriotas."
366,G00Q258,"A beneficio de él se reformáron las ceremonias casi supersticiosas, que mortifican y oprimen el trato humano: desde entónces desapareció (asi no hubiera vuelto á renacer) el tono pedantesco, que tanto ofende, aquel ayre casi inato de satisfaccion que tanto enfada, y estilo afectado que fatiga.","El sexô femenil se concentró en las gracias naturales y sencillas que le dió naturaleza, suprimió los vaidos fingidos, los melindres pueriles, y dexó de hablar tan á menudo de sus jaquecas y vapores.",El Caballero habló ménos de sus caballos y perros de caza. El Guerrero compendió la Historia de sus campañas.
369,G00Q259,"La experiencia es la que produce los conocimientos, mas como aun nos restan tantos que indagar para el completo de la ciencia médica, y son de tan grande interes al género humano, es forzoso instruir á los jóvenes no solo en los descubrimientos hechos, sino además en los medios de hacer otros nuevos, lo que se consigue por medio de las ciencias auxîliares de la medicina.","Me parece haber hablado sin adhesion, y sin usar de términos ofensivos, solo por el bien de la humanidad.",
372,G00Q260,"Comencé á lamentar la falta de buenas piezas teatrales Españolas, el poco gusto de nuestros expectadores, la mucha influencia de los chisperos en el teatro, la ninguna educacion de nuestros cómicos, y las preocupaciones que se oponian á la mejora de nuestras comedias . . . . .","El teatro, decía yo, que deberia ser la escuela de las costumbres de la Nacion, es en España la escuela de la supersticion, del engaño, y de todos los vicios.","¿Qué idea se formará de la virtud y del honor el espectador que vea en las comedias de Calderon propuestas como modelos á unas mugercillas, que violadas las leyes del recato, introducen y esconden hombres en su casa, engañan á sus padres, y rompen los ñudos mas sagrados que nos unen á la sociedad?"
375,G00Q261,"Bendito sea Dios, dixe yo quando la leí; ¿quién será este poeta?","A buen seguro que no es ningun media cuchara, sino un hombre muy hecho, ó se me alcanza poco de achaque de estilos.","Si el mismo Góngora volviera á nacer, tengo para mí que segunda vez se moriria por no ver una composicion como esta, que nunca otra tal y tan buena pudo salir de su fecundísima cabeza por mas caliente que estuviese."
378,G00Q262,"Parecióme que arrebatado en un turbillon era llevado al mundo de la Luna, donde se ofrecian á mi vista objetos desconocidos á los habitantes de este globo.","Diferentes sectas religiosas, costumbres diversas dividian las opiniones de los desdichados Selenitas.","Quasi no habia en todo aquel vasto continente un solo país de los muchos de que se componia en que se supiesen á punto fixo los derechos y deberes respectivos del Soberano y de los súbditos, del ciudadano y del Magistrado."
381,G00Q263,"En los mayores excesos, lo mas que se añade á mi peso es media libra;","y tales comilonas, las quiero por el provecho de mi salud, en todos los primeros Lunes de cada mes.","Quando despues de la comida me hallo bueno y escrupulosamente balanceado, me pongo á pasear hasta consumir cinco onzas y quatro escrúpulos."
384,G00Q264,"Es cierto, dicen, que para los charlatanes y perezosos es un recurso los diccionarios; quieren hablar mañana en la tertulia de una materia que ignoran, toman el diccionario, la leen de pe á pa, la aprenden de memoria, y hablan con el tono y lenguage de los sabios; no hay que dudarlo, estos entes, peste de la república literaria, zánganos que incomodan y de nada sirven, moscardones enfadosos que por fuerza, nos hacen oir su zumbido disonante, encuentran en estos libros un alivio notarle para sus necias habladurías; pero ¿se les destruiria quemando los diccionarios?","Quémense pues al momento; pero entonces fuera preciso llevar á la hoguera (¡y con quánta mas razon!) todos los ensayos sobre materias particulares, todo discurso suelto, y añadir los compendios, y aun todo libro que tenga índice, pues no se ignora que los índices son, sus maestros mas queridos.","En quanto á los principiantes, añaden, cuiden los maestros, los ayos, los padres de familias y demas encargados en la educacion, de que estudien con cuidado los principios y fundamentos, puesto que este cuidado es su obligacion, y no recelen que les perjudiquen los diccionarios."
387,G00Q265,"Nuestra vida, añade, se pasa sin hacer nada, ó por decir mejor, sin hacer nada de lo que debriamos.","Nos quexamos continuamente de que nuestros dias son breves, y vivimos como si debiesen ser eternos.",Este insigne Filósofo ha descrito con toda variedad de expresion y de pensamientos las contradicciones de los hombres en este particular.
390,G00Q266,"Estas son cosas tan controvertidas, que será mejor otro punto ménos comun y mas agradable.","Ya he demostrado que el tiempo que se pierde en el ocio, es el mas largo y mas enfadoso.","Ahora procuraré manifestar, que el tiempo empleado en el estudio, en la lectura, y en la adquisicion de nuevos conocimientos es largo sin ser molesto;"
393,G00Q267,"El peor mal que Dios está sufriendo, es sin duda el abuso de la razon; y con todo no se halla en el mundo mal mas comun.","Los dos sexôs, y todos los estados de la república estan inficionados.","Apenas encontraremos una persona que no sea mas sensible á la reputacion de tener entendimiento y discrecion, que á la de poseer virtudes, y buenas costumbres."
396,G00Q268,"Por esta razon declama fuertemente, y de continuo contra los zelos;",aplaude la buena educacion Francesa;,"y habla con ardor á favor de la marcialidad, de los tratos libres, y desenvueltos."
399,G00Q269,"Quien desea elogios no debe esperar recibirlos, si no en ciertos periodos de su vida, ó acaso solamente en la muerte.","Si vmd. ama mas las alabanzas que el mérito, aborrezca á lo ménos todo lo que es comun, y no tolere que ninguna persona tenga la osadía de alabarle en su presencia.","Así faltandola el cebo, vencerá vmd. su propia vanidad, y prontamente logrará aquella estimacion que desea con tantas ansias;"
402,G00Q270,"esto quiere decir que debo sériamente pensar en establecerme en el mundo, pero deseára que vmd. se sirviese aconsejarme sobre lo que debo hacer con el Señor Don Leandro, que de algun tiempo á esta parte me favorece con distincion.","Es gallardo jóven, tiene los ojos mas negros, y los dientes mas blancos que he visto en el mundo.","Aunque no es el mayorazgo de su casa, viste á lo señor, y nadie se presenta en una tertulia con mayor gracia que él."
