,question_code,sentence,polarity_annotation
0,G00Q136,"Miralos sin humanidad, y como esclavos, y ellos à su vez la sirven sin respeto, sublevados contra su tyranìa.",NEG
1,G00Q138,No es tan facil determinar por dónde se ha de dár principio à la accion Dramatica.,NEU
2,G00Q139,"Tù debes acordarte de la ternura, con que se portan las madres de mi País: del cuidado, con que nos crian, y de las atenciones, que les merecemos.",POS
3,G00Q140,"Alli estarà mas tranquilo, y podrà vivir à su gusto, y de contado no nos incomodarèmos uno á otro.     [positive]",POS
4,G00Q141,"Confiesso à Vm. que yá no puedo sufrir la vida, que traygo con este afligido genio mio.",NEG
5,G00Q142,"Algunas veces me contento con arquear las cejas, y encoger los hombros.",NEU
6,G00Q143,"Muriò en mis brazos, y en el desorden, en que me hallaba, me pareciò, que su pecho aùn respiraba.",NEG
7,G00Q146,"Quisiera Vm. que yo dijera, que esto propriamente se llama echar tierra à los ojos, y alucinar à ignorantes; y que si esto no es falta de caridad, calumnia, è impostura, digna del mas severo castigo, no hay otro nombre que darle; y que fuera mucho mejor, que el señor mio, se curára esta lepra, y no amenazára al Pensador con la de Ozìas, que el que le aconseje, que oyga con docilidad los Sermones.",NEG
8,G00Q147,¿no hay Dios que castigue?,NEG
9,G00Q149,"Ahora bien, yo no pretendo llevar las cosas al extremo.",NEU
10,G00Q150,"Que vivan contentos, y felices todos los hombres en la tierra, es empressa, à que no se ha atrevido, ni Jupiter, ni yo.",POS
11,G00Q151,"Si hablo mucho, si con todos me rio, si me burlo de éste, si al descuido le doy un capirote à aquel, soy malo, soy perverso, soy demasiado astuto.",NEG
12,G00Q153,"Añada Vm. à esto, que tenia una porcion de defectos capitales, por los quales debia ser excluìdo de la Cofradìa; pues ni cantaba, ni tocaba instrumento alguno, ni sabìa mentir, ni engañar, ni murmurar, ni dissimular.",NEG
13,G00Q154,"Yo sè que su caracter es de amar, y desear lo justo; y desde luego, para que Vms. queden mas satisfechas, le escribirè, à fin de que ataque los vicios en su raíz, y piense sobre la educacion de los hombres, como que de ella se origina toda la corrupcion de la sociedad.",NEU
14,G00Q155,"Amigo mio, es defecto de historia pensar de este modo: desde los Griegos hay memoria de pendientes, de rizos, de calzados, de adornos, de faustos, de viandas regaladas.",NEU
15,G00Q161,"Grande es este golpe, no lo niego; pero mayor es el de aquellos, que por descuido, ò ignorancia dieron causa suficiente á este daño.",NEG
16,G00Q162,"Tan flaca, y consumida, que parecía retrato de la misma necesidad.",NEG
17,G00Q163,"¿qué otro empleo la dán mas, que obligarla à celebrar unos hombres, que por viles, ò murieron entre las fatigas de un lazo, ò à las iras crueles de una venganza?",NEG
18,G00Q164,"Ni tantos ancianos, que en la mas estrecha angustia de la escaséz, buscan el pan con el doble sudor de su rostro, sudan en adquirirle mendigando, y sudan con la vergüenza de haberle de procurar pidiendo.",NEG
19,G00Q165,"Pero será dichoso, y feliz en su estado: no poseerá abundancias, ni se verá lisonjeado;",POS
20,G00Q166,"No està en esto la gracia, sino es que apenas se vió correspondido, se ausentó de casa, y se fue con sus engaños à otra parte, quedandonos à la Luna de Valencia, sin uno, y sin otro, y la niña tan apesadumbrada, que por poco la pobrecita se muere: estuvo muy mala.",NEG
21,G00Q167,"Qué contento me hallaba, no obstante mi fatalidad, à el mirar, que si me faltaba la hacienda, la tenìa depositada en aquellos, que tanto se ofrecian, y tan promptos habian ocurrido à mi socorro!",POS
22,G00Q168,"porque yo, quando escribo una carta, à excepsion de la fecha, la firma, y el muy señor mio, todo lo demás me cuesta mas gotas de sudor, que si estubiera cabando;",NEG
23,G00Q171,"¡valgate Dios por nombre, que aún assi engendras sustos, parasismos, y aborrecimiento!",NEG
24,G00Q172,".¿Pues no há reparado Vm. mi alma (la réplica) à Madama Polonia, que llegò havrá quince dias de Parìs, què manera tan discreta de peynarse, y què bello gusto de Batas que trae?",POS
25,G00Q173,"Todo esto llevará con paciencia, si su asèo, y prolixa compostura se ordenára â conplacerme; pero es muy â el contrario, porque su merced es Cortejo, y hace tanta vanidad de serlo, que quando està de humor me refiere las gracias de su querida, me pondera sus chistes, y alaba su hermosura: vea Vm. què refresco para quien se halla atabardillada de Zelos.",NEG
26,G00Q174,"Lucio es un ingrato, es un Hombre, que entrega â el olvido los mayores favores, pues en el tiempo de su miseria le socorrì con generosidad, y ahora que yá de nadie necessita, no hace caso de quien tanto le sirviò",NEG
27,G00Q176,"Tenía muchissima confianza de mi, como que se hacía cargo de la prenda, que tenìa en Casa.",POS
28,G00Q177,"En pocas partes del Mundo se vè con mas frequencia este desorden, que en esta Ciudad.",NEG
29,G00Q179,"Estas fingidas esperanzas, y las importunas ponderaciones de todos los que me trataban, como conquistados de sus regalos, me llevaron voluntariamente â manos de mi mayor desgracia.  [negative]",NEG
30,G00Q180,"Si esto intentàra, sería un disparate: lo que culpo, y condeno como indigno, no es aquel sentimiento discreto, que se forma de los males, regulandole siempre con lo justo, para que no exceda su linea, y passe â ser impaciencia, ô desesperacion: no es este, porque assi es precisso, y honesto;",NEU
31,G00Q201,"Examinense las Historias de los Egypcios, y de los Hebreos, y se encontrará crecido numero de impostores, que abusando de la débil credulidad de los hombres, se jactaban de curar las enfermedades mas inveteradas, por medio de amuletos, talismanes, adivinaciones, y especificos.",NEG
32,G00Q183,"En fin Vm. no estrañe el modo de explicarme, porque realmente estoy loco, no sè lo que me digo: y lo peor es, que aunque lo conozco, no lo puedo remediár",NEG
33,G00Q184,"Señora Culta, su Carta es un farrago de los mas despreciables, y en su obscuro contexto se mira la satisfaccion de su duda.",NEG
34,G00Q185,"Yo por mi desgracia me hallo Casada con un Curioso tan fino, que por la menor novedad que se le presente, se estará dos dias sin venir â casa, hasta conseguir hallarse informado de sus menores circunstancias, para despues tener assumpto flamante en las Tertulias",NEG
35,G00Q203,"Llega á tanto nuestra estoildéz, que pasa los limites de lo racional, pues nos dexamos regir de la vanidad, monstruo tan poco escrupuloso, que vive contento en las lobreguezes, siendo solamente éco que resuena, afan de desperdicios, tarea de inutilidades, tela de Arachne, y finalmente, carencia de un todo.",NEG
36,G00Q204,"¿Què mayor locura, que sin embargo de ser yo un hombre docil, de buena pasta, y sin malicia, aseverar, que soy un satyrico, perverso, y mal humorado?",NEG
37,G00Q182,"Todas las Señoras estabamos muy contentas con èl, quien se hacia pagar muy bien por su especial havilidad, y bello gusto: encargandole nosotras, que por ningun motivo vistiesse de aquella manera â ninguna Muger humilde, porque le hariamos dàr de palos, y desterràr de la tierra.",POS
38,G00Q205,"Se le presentaba siempre lleno el semblante de serenidad, y tan contenta como pudiera en medio de la abundancia y las riquezas.",POS
39,G00Q187,"Pero vease â uno de estos tenidos por infelices, que bien hallado con su suerte, vive apartado de la confussion de las Cortes, y Ciudad es [sic], como todas sus riquezas son verdaderas, sus adornos sencillos, pero suficientes, sus diversiones durables, inocentes, y sossegadas, sin que le quede â el corazon el menor remordimiento de su práctica.",POS
40,G00Q206,"Y estos mismos amigos le miran con indiferencia, punto menos que en la miseria de que él los sacó, y de que son ellos la verdadera causa.",NEG
41,G00Q186,"Se vè sujeto â las trayciones, expuesto â los engaños de tantos viles intentos como procuran usurparle su hacienda.",NEG
42,G00Q188,"De esta continuacion de aplausos ha venido â hacerse de un genio tan atrevido, y falto de politica, que â todos increpa de ignorantes, sola su opinion es la mas segura, y lo que es mas (aquí entro yo) quiere, y pretende que las Damas, que nos hallàmos oprimidas de mil cuydados domesticos, seámos Philosophas, Naturalistas, Hystoriadoras, y Geometras.",NEG
43,G00Q207,"Esta sábia República tenia establecida la pena de muerte muy raras veces, y solo por crimenes muy graves.",POS
44,G00Q189,"Mil veces quise matarme, pero mi desgracia quitò el valor â mi determinacion: y combatida por los fingidos halagos de al [sic] que me diò el ser, la obedecí ignorante, y engañada, llenandose desde aquel dia mi Casa de abundancia, ê infamia",NEG
45,G00Q210,"pero un accidente peor para mí que una buena enfermedad me obliga à guardar Casa por algunos dias, y à no presentarme donde Gentes me vean la cara, hasta que à todas se les haya borrado de la imaginacion mi fisonomía.",NEG
46,G00Q212,"Sabe valerse, perdida enteramente la verguenza, de mil artificios, que el uso, y una larga experiencia le han enseñado, para aparentar su miseria.",NEG
47,G00Q213,"Pues, Amigo, sepa Vm. que todo se lo llevó el diablo, si Vm. no me vale;",NEG
48,G00Q214,"Si tal vez sus expresiones son un poco atrevidas, y sus comparaciones odiosas, deben permitirse à un hombre, que no ha nacido con la obligacion de hablarnos segun nuestro gusto. ",NEU
49,G00Q191,"Tal qual diamantillo tiene; pero lo demás son chispas, y todo ello de muy mal gusto.",NEG
50,G00Q215,"A mí me hizo reir este ofrecimiento, mas no asi al otro, à quien antes le irritó tanto, que à breves razones vino à decirle que era un herege, y que su proposicion era no tan solamente impía, heretica, erronea, y escandalosa, sino tambien capciosa, y piarum aurium ofensiva:",NEG
51,G00Q192,"La epidemia, Señor, ha cundido tanto, que el infierno no se conoce, ni las gentes se entienden.",NEG
52,G00Q216,"Es un cobarde, un vil, un indigno de los honores que goza, y de alternar con quien tenga el corazon bien puesto",NEG
53,G00Q194,"Pero en cambio de estos beneficios, ¡qué tributos de reconocimiento no adquirió aquel magnánimo corazon!",POS
54,G00Q196,"¿con qué cara podrá decir este animal, que tiene sesenta años, no haviendo aprendido en ellos à dominar sus pasiones, à despojarse de los antojos de la niñéz, y de los ímpetus ciegos de la juventud, à conocer los principios de su Religion, ni à dár tributo de adoracion al Señor de todo lo criado?",NEG
55,G00Q198,"Finalmente, èl és racional y como tal apetece las diversiones.",POS
56,G00Q218,"¿Sabia vmd. acaso hasta que nos reveló el secreto dicho venerable Colector de Comedias, que Racine habia sido un imbecil, Cosme Damian, un hombre falto de juicio, y de talento crítico?",NEG
57,G00Q219,"¿qué juicio formaria su merced de un Médico que llamado á curar un Escrofuloso, Elephanciano ó Ethico, descuidase estos tres terribles males, y emplease solamente su charlataneria en medicarle un sabañon ó un uñero?",NEG
58,G00Q220,"Ellos están en la posesion (no sé si inmemorial) de divertir y entretener á la cazuela con su buen humor y gracias poëticas, y consiguientemente tienen á su favor todo Madrid.",POS
59,G00Q223,"pero decir como muchos, eso no vale nada, eso es un asco, y no probarlo, ya vé vmd. que son expresiones muy vagas, muy despreciables, y que todo hombre de juicio se rie de los que fallan por este estilo. ",NEG
60,G00Q224,"Homero era un famoso Astrólogo politico, que adivinando las funestas resultas de semejantes desordenes, queria con la moral de su obra curar males tan graves.",POS
61,G00Q225,"Un malvado insulano con el fin de enriquecer el Fisco, propuso se confiscasen los bienes de cierto miserable que acababa de ser condenado á muerte.",NEG
62,G00Q226,"mas como toda cosa mortal declina, hace algun tiempo que la tengo tan quebradiza y delicada como puede ser el honor de una dama en boca de un pisaverde.",NEG
63,G00Q227,¡Qué delicia no sería oirlas entonar con sus encantadoras voces el Te Franciscum laudamus por alguna victoria contra infieles!,POS
64,G00Q228,"Deje de pensar por un rato, y ve aqui que de repente se deshacen todas mis dificultades y temores.",POS
65,G00Q229,"¿Quántos hay todavia en nuestra España, muy revestidos de Doctores, que no se desprenderán de sus errados systemas, aunque se les ponga á los ojos la evidencia?",NEG
66,G00Q231,"y como nadie hasta ahora se habia acordado de mí para este efecto, y debia trabajarlo todo por mí mismo, me iba desanimando poco á poco de mi empeño.",NEG
67,G00Q233,"¿Y con qué han de pagar los subditos á su Principe las mercedes que les haga, sino de esta manera?",NEU
68,G00Q234,"La miseria iba á oprimirme, y no me quedaba ya sino este infame medio para librarme de una inminente ruina.",NEG
69,G00Q236,"¿Quién no se horroriza de estas mesas, en las quales nos abstenemos, á la verdad de los manjares prohibidos;",NEG
70,G00Q237,"Yo le confieso á Vm. que si hubiera previsto su colera no hubiera entrado en la disputa, en que insensiblemente nos hemos empeñado, no teniendo yo en ella interés alguno;",NEU
71,G00Q238,"Le hemos manifestado varias veces quán impropias nos parecen de un hombre bien educado, y quanto nos ofenden éstas y otras expresiones;",NEG
72,G00Q239,"¿Quántas injusticias, quántas intrigas interesadas, quántos proyectos de ambicion le hicieron pasar las noches sin reposo?",NEG
73,G00Q241,"¿Roma, en fin, no fue el terror de las Naciones, en tanto que ningun Ciudadano tuvo por pequeña la porcion de tierra que bastaba para mantener á un hombre:",NEG
74,G00Q242,"¿Qué nacion mas floreciente que los Egypcios no obstante el poder sin limites de sus Reyes, mientras no fueron corrompidos por la ambicion de Sesostris?  [neutral]",NEU
75,G00Q243,"Vuelve la cabeza el venerable anciano, y vé ¡ó dolor! ¡ó oprobio!",NEG
76,G00Q244,"antes mas me le afeminaron, y era tal el temor que me causaban los Duendes, que en oyendo á á [sic] mis criados algun cuento de estos, al instante llenaba la casa de gritos, y me hacía aguas en la cama. Con que siendo asi,",NEG
77,G00Q245,"Quiso mi desgracia que en aquella tarde viese entre varias Sombras la representacion de un Entierro, que no parecia, sino que ni mas ni menos era un Difunto que llevaban á la hoya entre quatro Terceros:",NEG
78,G00Q246,"á todos los Actores los estimo con igualdad, y miro por sus intereses, adelantamientos, é instruccion, escribiendo apologías imparciales en defensa del Teatro, y asi en nombre de todos los Cómicos Españoles te doy ahora la agencia de los Coliseos de Madrid, con la precisa condicion de que has de repartir este papelito con la mayor brevedad para que se vea en el tribunal de los Literatos.",POS
79,G00Q247,"y revolviendo en mi memoria quáles serian, se apareció cerca de mí un mancebo de gallarda presencia que uniendo la hermosura con la seriedad presentaba el aspecto mas amable que pudiera figurar la imaginacion. ",POS
80,G00Q248,"Luego á la hora que no quiera creer lo falso, saldrá del error, ó lo evitará.",NEU
81,G00Q249,Vió en esto el Sacerdote que le asistia un demonio en figura de jóven muy triste y llorando.,NEG
82,G00Q250,"Oyéron los golpes dos menestrales, que trabajaban en el claustro, y saliendo á la Iglesia, no solo viéron á la Imágen bañada en sangre, sino que la oyéron quexarse con amargos y sentidos suspiros.",NEG
83,G00Q251,es menester que se guarde bien de contribuir ni con sus caudales ni con sus tareas á ningun establecimiento nuevo por mas que se ponderen sus ventajas:,NEU
84,G00Q253,"Mas yo no sé como entorpecidas por una especie de encanto mis piernas, al primer paso que fuí a dar caí tendido en tierra, de que no sin mucha fatiga pude levantarme.",NEG
85,G00Q254,La verdadera gloria consiste en merecer la gloria.,POS
86,G00Q255,Basten para acreditarlo algunas expresiones que van de bastardilla por su singular belleza y exâctitud.,POS
87,G00Q256,"Declara este Tribunal que no se admiten empeños ni resortes para que se inserten cartas ni otros papeles en el periódico que publica, pues bastará solo el mérito de la obra para que nosotros lo hagamos sin necesidad de ellos;",NEU
88,G00Q257,"La aurora de un nuevo periódico se presenta apacible á la sociedad, y la anima con indecible esplendor.",POS
89,G00Q258,"El sexô femenil se concentró en las gracias naturales y sencillas que le dió naturaleza, suprimió los vaidos fingidos, los melindres pueriles, y dexó de hablar tan á menudo de sus jaquecas y vapores.",POS
90,G00Q260,"El teatro, decía yo, que deberia ser la escuela de las costumbres de la Nacion, es en España la escuela de la supersticion, del engaño, y de todos los vicios.",NEG
91,G00Q261,"A buen seguro que no es ningun media cuchara, sino un hombre muy hecho, ó se me alcanza poco de achaque de estilos.",POS
92,G00Q262,"Diferentes sectas religiosas, costumbres diversas dividian las opiniones de los desdichados Selenitas.",NEG
93,G00Q263,"y tales comilonas, las quiero por el provecho de mi salud, en todos los primeros Lunes de cada mes.",POS
94,G00Q264,"Quémense pues al momento; pero entonces fuera preciso llevar á la hoguera (¡y con quánta mas razon!) todos los ensayos sobre materias particulares, todo discurso suelto, y añadir los compendios, y aun todo libro que tenga índice, pues no se ignora que los índices son, sus maestros mas queridos.",NEG
95,G00Q265,"Nos quexamos continuamente de que nuestros dias son breves, y vivimos como si debiesen ser eternos.",NEG
96,G00Q267,"Los dos sexôs, y todos los estados de la república estan inficionados.",NEG
97,G00Q268,aplaude la buena educacion Francesa;,POS
98,G00Q269,"Si vmd. ama mas las alabanzas que el mérito, aborrezca á lo ménos todo lo que es comun, y no tolere que ninguna persona tenga la osadía de alabarle en su presencia.",NEU
99,G00Q270,"Es gallardo jóven, tiene los ojos mas negros, y los dientes mas blancos que he visto en el mundo.",POS
100,G01Q02,"Continuamente la oygo decir à sus solas, y mascando, que no quiere hablar, ni decir cosa alguna; pero que teniendo la cabeza sobre la almohada, bien sabe.",NEU
101,G01Q03,"Matò à un Joven por haver murmurado de la conducta de una Dama, la que èl mismo havia deshonrado con un proceder infame.",NEG
102,G01Q04,"Pero no havia pisado sus umbrales, quando la Discordia, y el Engaño, seguidos de una numerosa comiva, quedaron suspensos, y atonitos, aguardando con respestuoso silencio, el paradero de una aparicion tan opuesta à su gusto.",NEU
103,G01Q05,"Su tierno corazon, su espiritu admirable, su modestia, su urbanidad, su bella presencia, su buena crianza, y la obligacion que tengo à sus rendimientos, desde el primer momento que me viò, merecen la atencion de qualquiera.",POS
104,G01Q06,"Otra Señorita, hermosa por extremo, garbosa de talle, de un oìdo admirable, y de una voz aplaudida, tiene à pesar de tantas prendas, el defecto, que, quando sale à baylar, sus rancadas, y sacudimientos destemplados, dàn à conocer, que quiere agradar con afectacion ridicula;",NEG
105,G01Q50,Tiene algunos intervalos de juicio; pero luego le buelve el frenesì con mayor fuerza.,NEG
106,G01Q51,El Mayorázgo disipa sus rentas sin conocimiento del trabajo que costó adquirirlas á sus antepasados,NEG
107,G01Q07,"Mi muger aborrece hasta el nombre de Cortejo, y su sencillèz no le permite entender cómo puede haver Dama, que tenga intimidad, llaneza, ni confianzas con quien no es su marido.",NEG
108,G01Q53,"Pues ha de saber Vmd. que, como si fuera un disparate quanto sale de mi boca, lo mismo es articular una palabra, que celebrarla todos con unos elogios y unas admiraciones, que yo conozco que son una verdadera burla; porque, reflexionando en lo que acabo de decir, veo bien que qualquiera diria otro tanto.",NEG
109,G01Q9,"El amor, que todos tenemos à la libertad, impedirà quizà que mis advertencias hagan impression en vuestro espiritu.",NEU
110,G01Q54,"Si el amigo no hallaba este espediente para apartar el pronóstico, yo no dudo que en la misma noche, muchas de aquellas Señoras hubieran caido enfermas.",NEG
111,G01Q10,"La lectura à que yo intento conduciros, solo podrà mejorar vuestro talento, y éste tambien lograrà enmendarse por medio de la prudencia, y discrecion en todo.",POS
112,G01Q55,"No nos desviamos de la verdad si comparamos á nuestros Médicos con los antiguos Bretones, en tiempo de Cesar; unos mataban á pie, otros estando en carro.",NEG
113,G01Q11,"Huid, Señora, de éstas, y preferid à su comunicacion la de las mas viles, y comunes mugeres; porque éstas no son, sino Demonios con faldas.",NEG
114,G01Q12,"Yo soy un hombre, que por lo ordinario gusto de ir contra la corriente",NEU
115,G01Q13,"Convencerá tal vez nuestro espiritu; pero poco importa: no gana, no somete nuestro corazon; y à pesar de sus raciocinios artificiosos, tenemos bastante fuerza para resistirle",POS
116,G01Q14,"Una muger hermosa, y entendida nos convence casi sin que lo conozcamos.",POS
117,G01Q56,"Semejantes documentos, apenas se aprenderán en un mes.",POS
118,G01Q57,"Pero pocas Damas tengo báxo mi direccion, que desde que entraron en mi academia, no sepan dar un golpe de Abanico, sin que se oiga de una extremidad de la sala á otra; ántes bien descargan unos golpes tan fuertes, que el ruido iguala al de un pistolete.",POS
119,G01Q15,Esta parte es la mas dificultosa de todo el exercicio.,NEU
120,G01Q16,"El ocioso quiere un espectaculo, que le haga sobrellevar alguna parte del tiempo, que le pesa.",NEG
121,G01Q59,"A una persona de esta cláse, se le oirá decir frequentemente: yo soy la persona mas perezosa del mundo.",NEG
122,G01Q60,"Una muger de esta cláse, es sucia en su casa, golosa en su mesa, desaliñada en sus vestidos y persona, y la habitacion que ella ocupa, se asemeja á una caballeriza.",NEG
123,G01Q17,"Las quisieron virtuosas, y las tienen virtuosas: ellas les conquistaron con el recato el miramiento, el pundonor, y el retiro, y asi ellos no tienen de que arrepentirse, porque se hallan con mugeres recatadas, de miramiento, pundonorosas, y retiradas.",POS
124,G01Q61,"El de la izquierda encerraba imprecaciones, juramentos, ansias y congojas",NEG
125,G01Q62,"Quanto mas lo miraba tanto mas me parecia haberle visto en cierto pais, sin poderme acordar ni del tiempo, ni del parage.",NEU
126,G01Q18,"Finalmente, era lo mas recóndito de él, y con el auxîlio de nuestros microscopios descubrimos un hombre pequeñito vestido de color de panza de sapo muy a lo petimetre.",NEG
127,G01Q63,"Poco habia yo andado por esta morada, quando vi á lo léjos que remataba en un templo de arquitectura antigua, pero muy regular, y de gran magnificencia.",NEU
128,G01Q64,"Pero una vez que veo con tanto gusto de mi corazon los religiosos sentimientos del suyo, desde luego le doy y recibo la enhorabuena  [positive]",POS
129,G01Q65,¡O miserables traductores!,NEG
130,G01Q19,"Y finalmente, que le traba como à hombre, para que llegase à serlo.",POS
131,G01Q20,"Si estuviese en su lugar, me decia yo á mí mismo,  [neutral]",NEU
132,G01Q66,"Mi primer intento, dice, fué purgar aquel despreciable embrion de sus muchos errores, para poderlo leer en una tertulia de amigos;",NEG
133,G01Q21,"Su trato á todos embiste, à ninguno hace visita, siendo en él cosa exquisita un semblante semi-triste: las tentaciones resiste; pero no cabilaciones, de forma, que las questiones son el manà que sustenta la maquina macilenta de tales obligaciones.",NEG
134,G01Q67,"Señor Regañon: Como buen amante de la patria no puedo ménos de confesar á vmds. que habiendo leido los Números 1 y 2 de su periódico acerca de las costumbres públicas, me llené de alegría al ver los juiciosos y acertados pensamientos que en él se vertian, y me propuse desde luego escribir á vmd. dándole las gracias por su comunicacion, y por el buen zelo que muestra en un negocio que tanto interesa á la felicidad de la nacion.",POS
135,G01Q68,"Tambien suelo yo sonar en mi tinaja, porque, aunque no muy ancho, por fin duermo: esto me sucedió la otra noche, que habiéndome entretenido de dia en leer un discurso del célebre Adisson, tuve por el mismo estilo un sueño, que no puedo dexar de manifestar á su Tribunal de vmd",POS
136,G01Q69,"Todavía por nuestra desgracia no se han acabado de desarraygar entre la gente crédula los temores que conservan á los duendes, difuntos y fantasmas.     [negative]",NEG
137,G01Q71,El siguiente nos darà una breve idèa del amor.,NEU
138,G01Q22,"ò lo que es mas cierto, es algun chusco de primera clase, y pretende con esta estratagema ver si corresponden las obras á las palabras: en fin sea lo que fuere, yo debo cumplir lo prometido, sin entremeterme á investigár el motivo de su demanda.      [neutral]",NEU
139,G01Q23,Otra semana sabrèmos los demás articulos de esta Pragmatica.,NEU
140,G01Q24,"ò lo que es mas cierto, es algun chusco de primera clase, y pretende con esta estratagema ver si corresponden las obras á las palabras: en fin sea lo que fuere, yo debo cumplir lo prometido, sin entremeterme á investigár el motivo de su demanda        [neutral]",NEU
141,G01Q25,El cuento es breve; no sé si será compendioso.  [neutral],NEU
142,G01Q26,"Lo mismo dice el Entretenido, y pasa adelante.",NEU
143,G01Q27,"La oferta no era friolera: asi fue llamado à un gavinete, en donde estando con el tyrano à solas: el secreto, señor, le dixo, consiste en que V. M. publique que en efecto se lo he comunicado; y para que todo el mundo lo crea, me dé à mí V. M. como en recompensa un millon.     Following sentence(s):  Un millon! ¿Sabes lo que pides? ¡Un millon! ¿No bastarian diez mil reales?  [neutral]",NEU
144,G01Q72,"Pero baylar como acabamos de vèr, y en Madrid, y esto, como Vmd. dice, para agradar à gentes de depravado gusto; què es, sino degradar la sublimidad de los talentos, y envilecer la capacidad de los hombres.",NEG
145,G00Q52,"Nos haria Vmd. tambien un favor, à que deberiamos un eterno reconocimiento, en interesarse con ellos para que yá que la fortuna no ha querido tratarnos mas favorablemente, y yá que no nos es dado gozar todas las ventajas de una Corte, tengan la bondad de dexarnos vivir contentos con nuestra suerte, y con nuestras cosas, y no nos estén continuamente dando en cara con nuestra rusticidad.",NEG
146,G00Q53,"Semejantes al perro de la fabula, que suelta el bocado que tiene entre los colmillos por el que juzga ver en el agua; dexan los verdaderos placeres que la naturaleza les está franqueando al rededor suyo, por otros que les finge su imaginacion à larga distancia.",NEG
147,G00Q54,"En una palabra, Señores: lo que antes sería ociosidad viciosa, ò inutilidad de vida hoy yá casi es una virtud.",NEG
148,G00Q55,"Reynaba en todos el contento, y el ayre resonaba con los alegres cantares de que acompañaban su trabajo.",POS
149,G00Q56,"Que enemigo de toda nueva resolucion sea el Patrono declarado de la holgazanería, el error, y la ignorancia,",NEG
150,G00Q57,Le confieso á vmd. que me tuvo largo tiempo en una zozobra no facil de explicarse.,NEG
151,G00Q58,Mi abuelo mataba Moros como asi me lo quiero.,POS
152,G00Q59,"En esa calle que atraviesa, número 6. quarto principal, vive cierto sugeto que tiene una hija única, de edad de treinta y siete años, muy linda de cara, muy rica, muy hacendosa, muy humilde, muy buena christiana, muy juiciosa, y por decirlo en pocas palabras muy completa y acabada.",POS
153,G00Q60,"No crea Vmd. amigo mio, que lo que habló ese sugeto en el Café sea original, ni tomado de Libros Extrangeros: los ignorantes como Vmd. (perdoneme que le hable con esta claridad) y otros que andan por esas calles de todos estados, clases y condiciones, blasfeman de quanto ignoran: Católico y muy Católico, Español y muy Español, dixo eso y mucho mas un siglo y medio hace.",NEG
154,G00Q61,"Tal es la elegante composicion poética que incluyo á Vmd., y que publicada, serviría de muestra de un Latin clarísimo, que ya va escaseando, y ofrecería al mismo tiempo una provechosa leccion á los que abandonando los estudios que dan honradamente de comer, se entregan á la estéril ocupacion de las Ciencias exâctas, de las Humanidades, y otras fútiles taréas recomendadas por los Modernos.",POS
155,G00Q62,"Mis cabellos son mas obscuros que el corazon de un ignorante, y tan largos, que pueden ser envidiados de las mismisimas trenzas de las Ninfas del Parnaso; mi cuerpo es tan alto como pueden ser los pensamientos de Vmd. con el aditamento de un tallecito mas estrecho que la mano de un avaro.",POS
156,G00Q64,"Es una vergüenza, un escándalo",NEG
157,G00Q65,¿Hé de verme yo obligada hasta la muerte (que continuamente estaré deseando por considerarla término de mis infelicidades) á hacerme criada del que aborrezco?,NEG
158,G00Q66,"¡Cómo podré sufrir las finezas de la obligacion de mi consorte, quando le aborrezco!",NEG
159,G00Q67,"Donde el frio es excesivo y no permite á los Americanos andar desnudos, es notorio que visten de pieles para defenderse de su rigor: y nosotros pudiendo usar de otros arbitrios de que carecen aquellos Salvages, compramos dichas pieles á excesivos precisos, siendo en nuestra opinion el mas magnífico y noble adorno con que nos podemos presentar en las mas brillantes y numerosas concurrencias.",NEG
160,G00Q68,"Nada tengo de zeloso, y antes me fastidian notablemente los maridos que andan siempre aforrados en sus mugeres.",NEU
161,G00Q70,"El leon sabiamente ocupado en dar curso á objetos importantes de su real instituto, Llamó á los Abogados, y Jueces de este asunto, y con voz muy severa como Rey les habló de esta manera.",NEU
162,G00Q71,"Pruebolo asi (continué yo) sin embargo de no ser hombre de carrera, pero sí un bonus vir con su alma tal y tan racional como la del Autor del papelito intitulado los Censores del Censor, y la añadidura de ser mis estudios, igualmente tal y tan buenos como pueden ser los del susodicho venerable; y no espere Vmd largos silogismos, brevemente expondré mi sentir; pruebolo asi, repito.",NEU
163,G00Q72,"No puedo sufrir ver hacer actos de virtud y devocion á los logreros, usureros, comerciantes de mala fé, avaros, codiciosos, y á los de una economia sórdida",NEG
164,G00Q74,"No Señor, no soy yo asi, no soy ningun satírico chocarrero; yo hablo de veras, y con vm. en todo caso no me habia de chancear",NEU
165,G00Q75,¡Qué bien sabrá discernir el caracter de los hombres!,POS
166,G00Q76,"Tambien es de admirar el entusiasmo con que sus mercedes nos pregonan, y aun nos muelen la cabeza con sus globos, con sus gases y aereas caminatas, ni mas ni ménos que si ellos lo hubieran proyectado y discurrido.",NEU
167,G00Q77,"Aunque supongo vuestra universal erudicion en todo género de literatura, no es razon que empleeis vuestro talento en aquellas ciencias que por su aridez y abstraccion os deberian obligar á que anduvieseis siempre pensativos, y como fuera de vosotros, con notable perjuicio de vuestra importante salud.",NEU
168,G00Q78,"Pero vea Vm. que diablo de hombre: antojosele ponerla unas notas ó glosas de su cosecha, que todo lo hechan [sic] á perder, de suerte que ya no vale tres pepinos, ni se puede leer sin asco: he aqui la grande habilidad del Censor.",NEG
169,G00Q79,"Ultimamente, para que ninguno de vosotros se atreva en lo sucesivo á quexarse de que soy escrupuloso y nimio en los preceptos que os doy, ligandoos precisamente á su literal observancia, asi como os impetré facultad para escribir, aun sin los necesarios requisitos, la he conseguido igualmente, y os la concedo amplísima para apologizaros á vuestro gusto, y para alterar, trastornar, pervertir y torcer, como quisiereis, quanto se escriba contra vosotros.",POS
170,G00Q80,No puedo menos de irritarme al oir semejantes despropositos y locuras.,NEG
171,G00Q81,"Pero la zorrilla Les dixo con gracia: No muelan ustedes, Y esten enteradas Que este y otros monos Que van en dos patas, Lo critican todo Sin saber de nada.     [negative]",NEG
172,G00Q82,"El segundo defecto que vmd. me nota es que llamo alto al dolor ó sentimiento de Inés, y maligna á su pesadumbre ó pesar, que vale lo mismo; cuyos desaciertos se contienen en los quatro siguientes versos.",NEG
173,G00Q83,"Deliberé poner en práctica mi intento á toda costa, y que á pocos dias de casado comencé á ver la imagen funesta de mis infortunios, y á sufrir todas las penalidades que me anunció.",NEG
174,G00Q84,"Que yo pobre de mí me veía lánguido y estenuado, postrado en una cama, abandonado hasta del mas ínfimo sirviente.",NEG
175,G00Q85,"De esto nace que el señor Don Bartolo se constituya paseante de Villa, y que esta única y exclusiva ocupacion le impida el sujetarse al trabajo para mantener con su sudor su infeliz é inútil exîstencia",NEG
176,G00Q86,"Los desgraciados no ven en su padre un protector y zelador de sus felicidades, y sí un monstruo que solo les ha dado el ser para que sean testigos de sus delitos, y esclavos de sus desordenados é injustos caprichos; estas son pues las conseqüencias del juego inmoderado.",NEG
177,G00Q88,"Considerad pues, que si no tiene a una buena educacion, en vosotros ha consistido, á pesar de todo lo que podais decir, y sabed finalmente que un hombre honrado, aunque ignorante, es mas digno de respeto que uti hombre malo lleno de ciencia.",NEU
178,G00Q89,"Para hacer que se aborrezca lo malo y se ame lo bueno, agregaré siempre el placer á esto último, y el odio á lo primero.",NEU
179,G00Q90,"No conocen el dulce placer que resulta de haber socorrido al indigente, y de tomar parte en sus necesidades, y no han gustado aquel consuelo, que tal vez arranca lagrimas á un corazon tierno y sensible al ver el reconocimiento de una familia que ha probado los efectos de su beneficencia     [positive]",POS
180,G00Q91,"El padre no podia fiarse de su hijo, la mujer engañaba al marido, el criado era infiel á su amo, la sana amistad, la tierna fraternidad no eran mas que máscaras que ocultaban los mas perversos designios: toda virtud estaba desterrada, reynando en su lugar la hipocresía.",NEG
181,G00Q92,"Si se tropieza con alguno de estos ignorantones de por vida, cuya vanidad y obstinacion son todavia mayores que su necedad, se echa mano del ridículo, de esta feliz arma que ha libertado á la nacion de muchos malos autores, y con esta diversidad de estilos se instruye al público, y se observa aquello de...     [neutral]",NEU
182,G00Q93,"Y si por el contrario merecen e desprecio y olvido, debe clamar contra ellas para que no suenen entre los hombres, y mandar se quemen los libros que las contienen, ó al menos mandar expurgarlos: poco quedara de ellos si esto se hace.",NEG
183,G00Q94,"En estos dudosos é incomprehensibles principios resolvió el Doctor Brown fundar su sistema, un dia en que, segun todas las apariencias, habia usado con exceso de su remedio favorito contra la gota, y estaba, como solemos decir, á mas de media carga.",NEG
184,G00Q95,"Pero todos estos habladores estúpidos y orgullosos, fanáticos ó temerarios, parecia que unian sus gritos para hacer una sola súplica.",NEG
185,G00Q96,"Para decir que esta comedia no es buena no hay necesidad de ensangrentarse añadiendo que el discurso preliminar es un fárrago de ideas insulsas é inconexas expuestas en un estilo todavía mas insulso y despreciable, sin conocimientos, ni gusto, ni lógica siquiera",NEG
186,G00Q97,"No puedo comprehender el origen de tu cobardía, me confundo quando miro tu flaqueza, y que tus contrarios, aunque débiles, han conseguido su fin: quando me creia que ganarias la batalla, te observo entregado á discrecion, rendido por fuerzas inferiores, y asaltada y destruida la fortaleza de tu ciencia",NEG
187,G00Q98,"Ebrios voraces entregaos libremente á vuestros detestables vicios, que no dexareis de experimentar cargado extremamente vuestro obeso cuerpo, perdido enteramente vuestro juicio, y hecho el oprobio hasta de vuestros mayores amigos y parientes.",NEG
188,G00Q100,"Pero yo entiendo que este dictado no le corresponde por la indolencia que en él se advierte de insertar á troche y moche quantas cartas se le dirigen, y da al público como su madre las parió.",NEG
189,G00Q101,"Honrado sin afectacion, sincero en realidad, complaciente sin baxeza, servicial sin interes, humano y benéfico, es el santuario de la virtud.",POS
190,G00Q102,Mi hermana hace ya tres años que está viuda.,NEU
191,G00Q103,"Mientras esto, no se remedie de algun modo, no hay que contar con algun adelantamiento ni mejora.",NEG
192,G00Q104,"Es cierto que el amor propio conociendo esta verdad suministra á los vengativos razones especiosas para cohonestar sus feas acciones, pero estas mismas demuestran su debilidad y falta de talento.",NEG
193,G00Q105,"El hombre tierno y compasivo es el que disfruta las riquezas, y no el avariento que las amontona, ni el mundano que las malgasta en falsos placeres",NEU
194,G00Q106,"Y por último, manifestó su piedad y religión quitando del suplicio a tres reos que iban a ser ajusticiados (juzgo) que en un día privilegiado.",POS
195,G00Q107,"Porque tú no dudes que la mujer muy hermosa (por lo común) es el peor enemigo del hombre: si es honrada, tiene que defenderse y defenderla de los seductores; si no lo es, tiene que guardarse de ella y de ellos.",NEG
196,G00Q108,"Nó se metió con las Damas; que el Duende es mui Caballero, i ni aún en chanza les falta á las Dámas el respeto.",POS
197,G00Q109,"Gente víl, por fin i postre, si no refieralo el hècho.",NEG
198,G00Q110,"Los presumidos que llevan comunmente la voz en las Tertulias, y Estrados, se valen de esta propia manìa de la Moda, para encubrir, y cohonestar su insolente ignorancia.",NEG
199,G00Q113,"Pues en medio de los aplausos, que les daba el Pueblo, les llenaban de baldones, è injurias, gentes que alquilaban para burlarse de ellos, y de sus glorias, à fin de humillarlos, y de darlos à conocer el poco caso, que merece una Grandeza precaria, y concedida por un momento.",NEU
200,G00Q114,"Què de gentes de todas classes, y estados se confunden allì, sin respeto, ni consideracion para nadie!",NEG
201,G00Q115,"Si no le asusta, altera, ni inquieta la Critica, ni las murmuraciones; tampoco le hinchan, engrien, ni ensobervecen las alabanzas, y gloria del acierto.",NEU
202,G00Q117,"No hay peor compañia, que la de ancianos encaprichados del privilegio de sus años, que reducidos al silencio, dicen, que las materias no son para los de edad regular.",NEG
203,G00Q119,"El Principe que viò el engaño de sus cabellos, la dixo con estudiada indiferencia: què partido tomaria, si la diessen à escoger entre ser cana, ò calva.",NEU
204,G00Q120,"Pero con hacienda presente, con titulos en prespectiva, con nacimiento aventajado, que no puedan las consideraciones placenteras dèl gozar: y por esto es dificil resolverme à renunciar à los recreos, y diversiones ruidosas de la Corte.",NEG
205,G00Q121,"Los que llamamos Poderosos, viven en una esplendida, y orgullosa miseria, siempre necessitados;",NEG
206,G00Q123,"Sin embargo de las restricciones de tu honestidad, todo te viene como pintado, y es en tì primor aun el descuido.",POS
207,G00Q124,"Considereme Vm. pues, raro, delicado, sin contemplacion, pagado de mi dictamen, engreído con un cierto merito, que me he figurado, y finalmente, haciendo tanta vanidad de mi Philosophia, como pudiera un Principe de sus titulos, y de sus Estados;",NEG
208,G00Q125,"Pero aquella Dama, y este Caballero (dice Vm.) son de edad abanzada, para que hayan podido incurrir en semejante ridiculèz!",NEG
209,G00Q126,Está capáz de entristecer à la compañia mas alegre.,NEG
210,G00Q128,"Es solo: incapáz de tener amigos: sin conocer parientes, y casi la mitad de su cuerpo en el sepulcro; y atesora con fatiga para los que han de llenar su memoria de oprobrios.",NEG
211,G00Q129,"Que la Nobleza es una calidad muy estimable en los que la adquirieron, ò la mantienen con acciones dignas; pero inutil, ridicula, y aun despreciable en los que, haviendo nacido nobles, se hacen plebeyos por sus procedimientos.",NEU
212,G00Q130,"Yá véo, que esto no es tan facil, como parece, y que esta operacion pide un genio consumado en el Arte, un gusto, una delicadeza, un tacto fino, un discernimiento justo, y un estudio particular del corazon humano, y de las costumbres, y por desgracia ninguna de estas calidades possee el traductor, quando ha cometido error tan grossero.",NEG
213,G00Q131,Es un Fenix entre los hombres.,POS
214,G00Q133,"Pero todo esto es inutil, y èl ha hallado el modo de obscurecer las prendas, de que està adornado, entregandose à tantos vicios, y haciendo una vida tan licenciosa, que es el escandalo de la Corte.",NEG
215,G00Q134,"Conociò su yerro, y procurò enmendarlo escribiendo segunda Carta, que empezò por Mi Señor; pero fuè inutil la enmienda.",NEG
216,G00Q135,El modo de quedar ayrosos les es muy facil.,NEG
217,G00Q25,"La fama y los ilustres contratiempos Recordará con lágrimas Prosigue Si esto no basta, y te dirá qué año.",NEG
