question_code,previous_sentence,to_annotate,following_sentence
G01Q01,"Pero ella, conociendo el riesgo que havia en verle, y escucharle, llena de indignacion, y colera, le negò su presencia.","Mi pobre Vecino, posseìdo de una furiosa frenesì, enagenado de sì mismo, y sofocado de rabia, se enfurecia, y maldecia su fortuna, y precipitada audácia.","Hasta que bolviendo en sì, se hallò confuso de sus extravagancias, è intentò, arrepentido, trocar su enojo en una sumission profunda; pero nada sirviò para el caso."
G01Q03,"Antepone el Honor de la confianza de un traydor, à la conservacion de su Patria.","Matò à un Joven por haver murmurado de la conducta de una Dama, la que èl mismo havia deshonrado con un proceder infame.","Finnalmente, Timagenes, despues de haver arruinado à muchos pobres Oficiales, que le prestaron dinero, y à otros tantos Mercaderes, que le fiaron sus generos, vendiò su Patrimonio, con pretexto de pagar à sus Acrehedores; y pretende que le tengan por hombre de honra, solo porque satisfizo las deudas, que procedian del juego; y que à su entender son las unicas, que debe pagar un hombre honrado."
G01Q05,"No querràn hacerse cargo, de que Don Cayetano tiene prendas, que valen mas que la hacienda.","Su tierno corazon, su espiritu admirable, su modestia, su urbanidad, su bella presencia, su buena crianza, y la obligacion que tengo à sus rendimientos, desde el primer momento que me viò, merecen la atencion de qualquiera.","Olvidème decir à Vmd. que tiene los ojos negros, y que el Maestro me dice, que no cessa de llorar, quando le habla de mi."
G01Q06,"La semana passada assistì al Tocador de una Dama, que se ocupaba en tocar de mil distintos modos à una muñeca, para vèr el tocado que era mas apto para producir el mejor efecto en el rostro, y no lo produce malo el Bayle en la persona de mi conocida.","Otra Señorita, hermosa por extremo, garbosa de talle, de un oìdo admirable, y de una voz aplaudida, tiene à pesar de tantas prendas, el defecto, que, quando sale à baylar, sus rancadas, y sacudimientos destemplados, dàn à conocer, que quiere agradar con afectacion ridicula;","Lo que es causa, que todos quantos la tratan, la califican de innocente, ò de tonta."
G01Q50,Hay un Loco furioso: su locura consiste en dissipar toda su hacienda.,Tiene algunos intervalos de juicio; pero luego le buelve el frenesì con mayor fuerza.,"Ha hecho algunos viages à los Paìses Estrangeros; y sin embargo de la mudanza de ayres, no se ha conocido mejorìa en el desorden de su cerebro."
G01Q51,"Muy fácil y clara está la respuesta, porque llevando ya sentado y concedida su pobreza, y miseria, tan inmediata á la prosperidad en que hoy se miran, es preciso confesar (aunque con vergonzoso sentimiento) nace de los dispendios de sus apasiónados, que tan á vanderas desplegadas derraman los caudales adquiridos, ó heredados hasta quedárse en el deporáble [sic] estado de un grave empeño, engañando al Mercadér, Sastre, Zapatero, y otros menestrales para sostener su apasionada, primero que las obligaciones de su casa, viviendo siempre cercados del frude [sic], trapisónda, y vituperio, sin que puedan hallar medio, ni decente arbitrio, que les redima de tan penósa situacion.",El Mayorázgo disipa sus rentas sin conocimiento del trabajo que costó adquirirlas á sus antepasados,"El empleado desperdicia los sueldos, fiado en que no podrá faltárle esta diaria asistencia; y el que no lo está, ni tiene mas recurso que el corto interés de su industrioso manejo, se aniquila, hasta precipitarse: ¿y quién padece estas malas resultas?"
G01Q8,"Nada parecerìa mas fabuloso que esta práctica, si no nos mostrasse la experiencia su verdad.",No es chanza: la mayor parte de los hombres no saben santiguarse.,"Es verdad que hay algunos pobrecitos, que lo hacen con bastante propriedad; pero los demàs, una de dos, ò lo ignoran, que es lo mas cierto, ò se averguenzan de formar la señal de la Cruz."
G01Q55,"A lo menos podemos temer aquella máxîma incontrovertible, que en todas las naciones donde abundan los Médicos, se disminuye el número de los habitantes.","No nos desviamos de la verdad si comparamos á nuestros Médicos con los antiguos Bretones, en tiempo de Cesar; unos mataban á pie, otros estando en carro.","Añadase á este número el no ménos considerable de Físicos, que á costa de otros pacientes se aplican á quitar la vida á los gatos en una máquina pneumatica; á desquartizar vivos los perros; á traspasar á los inséctos con la punta de un alfiler, para observarlos con microscopio, y juntense tambien aquellos que van en busca de yerbas y plantas, y los que cazan mariposas, sin omitir los que juntan cortezas de árboles, y van tras de las arañas. A todos éstos, y á otros los colocaremos con los Boticarios, ó en el número de los Vivanderos que siguen al exercito, pues en las ocasiones usan de las armas, para echar mano al saquéo y á la desolacion"
G01Q11,"Todo su aplaudido primor consiste en ciertas rusticas enojosas expresiones, con que despiden de sì à qualquiera, que no sea como ellas, y está toda su habilidad en aquel natural desenfado, con que echan à todos en cara sus mas ocultos defectos, aunque no tengan de ellos la mayor evidencia","Huid, Señora, de éstas, y preferid à su comunicacion la de las mas viles, y comunes mugeres; porque éstas no son, sino Demonios con faldas.","He llegado seguramente à creer, que no las debemos tener, ni mirar como mugeres; por lo que deberiamos tratarlas, como à unos malvados, y perjudiciales hombres disfrazados, para lograr impunemente los efectos de su malignidad, con el respetable trage de vuestro sexo; y assi justamente, sin respeto al disfráz, deberian ser tratadas con ignominia."
G01Q57,Esta parte es la mas dificultosa de todo el exercicio,"Pero pocas Damas tengo báxo mi direccion, que desde que entraron en mi academia, no sepan dar un golpe de Abanico, sin que se oiga de una extremidad de la sala á otra; ántes bien descargan unos golpes tan fuertes, que el ruido iguala al de un pistolete.",Y para que las Damas jóvenes no dén fuera de tiempo golpes de Abanicos en parages vedados por la buena política; las enseño en qué circunstancias pueden ser del caso.
G01Q60,"En el principio, crió Dios las almas del bello sexô, separadas de sus cuerpos, y las formó de diferentes materias. Hizo algunas con los ingredientes que entran en la composicion del cerdo.","Una muger de esta cláse, es sucia en su casa, golosa en su mesa, desaliñada en sus vestidos y persona, y la habitacion que ella ocupa, se asemeja á una caballeriza.",Sacó una segunda cláse de almas de mugeres de aquellos materiales que sirven para formar la zorra.
G01Q61,Pero dos espaciosos senos que habia de una y otra parte del cráneo merecen alguna atencion.,"El de la izquierda encerraba imprecaciones, juramentos, ansias y congojas","De cada uno de estos senos se veia salir un canal que terminaba en la raiz de la lengua, donde los dos se unian, y luego formaban otro, que únicamente remataba en la extremidad de este segundo móvil pequeño."
G01Q64,"Crea Vm. que era necesaria esa declaracion, no por mi, sinó por muchos que pensaban acaso peor, movidos de que dirigiendo Vm. su Discurso á todos los Eclesiásticos, é invocando la humilde pobreza de los primeros tiempos del Christianismo exclamaba, ahora lo que tenemos son Beneficiados ricos; y porque ademas expresaba Vm. separadamente los Abates galanteadores, como cosa distinta de aquellos Beneficiados.","Pero una vez que veo con tanto gusto de mi corazon los religiosos sentimientos del suyo, desde luego le doy y recibo la enhorabuena",-
G01Q65,¿cómo se atreven á imaginar estos pisaverdes literarios que pueden hacer cosa que valga un comino no teniendo principios ni conocimientos fundamentales?,¡O miserables traductores!,"El idioma castellano os debe el incomparable beneficio de su corrupcion; vuestra ignorancia, atrevimiento y mal gusto en elegir las piezas teatrales, nos ha presentado en estos últimos tiempos las composiciones mas viles y despreciables traducidas en un lenguage bárbaro que no es español ni francés"
G01Q19,"En su gesto, en sus palabras, y acciones se leían el cariño, y la amistad, aquella amistad ilustrada, y decente, que depende de la razon, y se mantiene siempre con dignidad: que à pesar de una disciplina severa, y de una escrupulosa exactitud à no dejar sin castigo cosa alguna, que lo mereciese, parecia que empleaba mas su autoridad para hacerse amar, que para corregir: que en sus correcciones no entraba jamás à la parte el mal humor, la cólera, ni la aspereza: que si le imponia algun castigo, era haciendole vér que le forzaba à ello, y manifestando sentimiento de verse reducido à aquella dura necesidad: que no se paraba en menudencias frívolas, haciendo semblante de no verlas: que sus lecciones eran indirectas, mostrandole en los defectos agenos los suyos proprios, y dejandole à él mismo la aplicacion;","Y finalmente, que le traba como à hombre, para que llegase à serlo.","Este era el Ayo, que tenia mi pariente, y que podia servir de modélo para todos los Ayos"
G01Q67,-,"Señor Regañon: Como buen amante de la patria no puedo ménos de confesar á vmds. que habiendo leido los Números 1 y 2 de su periódico acerca de las costumbres públicas, me llené de alegría al ver los juiciosos y acertados pensamientos que en él se vertian, y me propuse desde luego escribir á vmd. dándole las gracias por su comunicacion, y por el buen zelo que muestra en un negocio que tanto interesa á la felicidad de la nacion.","Hágame vmd. ahora el favor de insertar en su periódico, si es que se reconoce de alguna utilidad, la Disertacion presente, y las que adelante remita con este ú otro objeto, y baxo del apellido de: El Amigo de los jóvenes, pues siendo la infelicidad de éstos la que resulta contra el bien del Estado, me es forzoso reconocer y arrancar desde la cuna las raices profundas de nuestras depravadas costumbres."
G01Q69,"Por el contexto y la inverosimilitud de los hechos que refiere esta carta, se conoce claramente que su autor no ha intentado mas que reunir muchos de los agüeros y falsas creencias que circulan en Inglaterra entre los hombres de pocas luces; pero como quiera que sea, siempre será una ridiculez la mas insensata el persuadirse ni hacer caso de semejantes tonterías.","Todavía por nuestra desgracia no se han acabado de desarraygar entre la gente crédula los temores que conservan á los duendes, difuntos y fantasmas.",-
G01Q72,"No es aqui como en nuestros Lugares, donde conviene, acordar, del mejor possible, las gracias, y donayres, que son rusticos efectos de una grossera, y mal dirigida educacion de los Labradores, con los primores que pide el Arte.","Pero baylar como acabamos de vèr, y en Madrid, y esto, como Vmd. dice, para agradar à gentes de depravado gusto; què es, sino degradar la sublimidad de los talentos, y envilecer la capacidad de los hombres.","Quanto reirìa mi Sobrino Anselmo, si viera esto; pues à pesar de su poca experiencia del mundo, no dexa de burlarse de sus Camaradas, quando los vè dàr aquellas ancadas, y bolteretas contrahechas, sin que se hagan cargo que repugnan à la Naturaleza, y à la excelencia del baylar."
G00Q55,Parte con increible afan parecia instar à la feracidad del suelo: parte se ocupaba en los trabajos de diferentes artes.,"Reynaba en todos el contento, y el ayre resonaba con los alegres cantares de que acompañaban su trabajo.",Los frutos que éste les producia corrian llenos de alegria à ofrecerlos à una Ninfa que aparecia sentada en medio de la llanura.
G00Q59,"¿A Vmd. le parece, repuso mi acomodador, que quando yo le he preguntado si se inclinaba á consorcio, era la tal interrogacioncilla hecha á humo de pajas?","En esa calle que atraviesa, número 6. quarto principal, vive cierto sugeto que tiene una hija única, de edad de treinta y siete años, muy linda de cara, muy rica, muy hacendosa, muy humilde, muy buena christiana, muy juiciosa, y por decirlo en pocas palabras muy completa y acabada.","Esta tal  : : : Aquí le interrumpí su muy eloqüente, muy persuasiva, muy justa y muy ventajosa propuesta, diciendole: todos esos muyes, Señor mio, con que Vmd. pretende ensalzar el mérito de esa Dama, estarán muy bien dichos, muy bien apropiados, y muy al caso."
G00Q60,"El qual con una sorna y sonrisa capaz de dar un cólico á la Cibeles del Prado, me dixo:","No crea Vmd. amigo mio, que lo que habló ese sugeto en el Café sea original, ni tomado de Libros Extrangeros: los ignorantes como Vmd. (perdoneme que le hable con esta claridad) y otros que andan por esas calles de todos estados, clases y condiciones, blasfeman de quanto ignoran: Católico y muy Católico, Español y muy Español, dixo eso y mucho mas un siglo y medio hace.","No puede ser le repliqué, porque yo puedo asegurar que jamás he oído proposiciones tan temerarias ni tan ofensivas á qualesquiera orejas piadosas."
G00Q62,"Dióme ésta unos ojuelos de los que juego tan gachonamente, que solo uno que tenga alma de cantaro dexará de quedar despachurrado si los observa con atencion.","Mis cabellos son mas obscuros que el corazon de un ignorante, y tan largos, que pueden ser envidiados de las mismisimas trenzas de las Ninfas del Parnaso; mi cuerpo es tan alto como pueden ser los pensamientos de Vmd. con el aditamento de un tallecito mas estrecho que la mano de un avaro.","Mis palabras y expresiones tienen toda aquella dulzura que los azucarados y melifluos labios de la Diosa de Cytheréa, y en fin tengo tantas gracias, que en paralelo con ellas, es desgraciadisimo el cinto de esta Maja de Marte."
G00Q64,"Y puede ser que sean treinta, porque me acuerdo que siendo las dos muy niñas, concurriamos juntas á la amiga, y á jugar á las muñecas en casa de una Señora que vivia en la plazuela del Beso: ¡pues el arrimadito que lleva siempre!","Es una vergüenza, un escándalo",No sé como hay maridos que tal sufran.
G00Q65,"Quando en los matrimonios no hay mas que amistad, quando no se aman con ternura los que le han abrazado, y quando las satisfaciones y disgustos no son perfectamente recíprocos, está mal acoplada aquella union.",¿Hé de verme yo obligada hasta la muerte (que continuamente estaré deseando por considerarla término de mis infelicidades) á hacerme criada del que aborrezco?,"¿Y ha de estar siempre con máscara mi corazon fingiendo un amor que no tengo, ni podré tener?"
G00Q66,"¡y qué digna de compasion es qualquiera muger casada, virtuosa, apasionada y no de quien debe estarlo!","¡Cómo podré sufrir las finezas de la obligacion de mi consorte, quando le aborrezco!",¡Ah qué dolor!
G00Q67,"Pintándose los indios la piel, hallan en esto una ventaja real, dictada por la naturaleza para la conservacion de su exîstencia: pero los Européos, que sin necesidad usan de tan ridículos y pecaminosos ardides, para adornar el semblante, la garganta y demás partes del cuerpo que llevan desnudas, no tienen para ello otro motivo ni intencion que ocultar los defectos, ó recibidos de la naturaleza, ú ocasionados de la edad; y esto nadie pordá negar que es una hipocresia y maldad verdadera.","Donde el frio es excesivo y no permite á los Americanos andar desnudos, es notorio que visten de pieles para defenderse de su rigor: y nosotros pudiendo usar de otros arbitrios de que carecen aquellos Salvages, compramos dichas pieles á excesivos precisos, siendo en nuestra opinion el mas magnífico y noble adorno con que nos podemos presentar en las mas brillantes y numerosas concurrencias.",Fuera de que si los Americanos adornan su cuerpo pintando en él varios animales; frutas y flores.
G00Q69,"Los mas de los ricos corriendo sin cesar tras de quimeras, vienen à gastar su oro en estiercol, y no llegan jamás à conocer el precio de la vida.","Semejantes al perro de la fabula, que suelta el bocado que tiene entre los colmillos por el que juzga ver en el agua; dexan los verdaderos placeres que la naturaleza les está franqueando al rededor suyo, por otros que les finge su imaginacion à larga distancia.","Yo al contrario, persuadido à que los mios tendrian tanto mas de realidad, quanto aquella tuviese mas parte en ellos, para alhagar estos sentidos, que me ha dado, procuraria acercarme à ella quanto fuese dable."
G00Q72,"Que era negra la nieve; Pero, ¡oh quántos nos muestra Anaxàgoras de estos la edad nuestra!","No puedo sufrir ver hacer actos de virtud y devocion á los logreros, usureros, comerciantes de mala fé, avaros, codiciosos, y á los de una economia sórdida","¿Qué es verlos á estos, indefectibles en los jubileos, freqüentar los Sacramentos, y otros actos de Religion, como la Misa diaria?"
G00Q75,"¿y esto lo conseguirá retirada á un quarto, en la sola compañía de su madre, que acaso se crió con las mismas ideas, sin mas ocupacion que las labores de la ahuja, sin mas leccion acaso que la del libro Gritos del Purgatorio y del Infierno, ó quando mas Luz de la fé y de la ley?¡Qué útil será esta niña en la sociedad!",¡Qué bien sabrá discernir el caracter de los hombres!,"¡Con quánto conocimiento y tino se presentará al mas digno quando sea pretendida! Pero, ¿qué digo? antes debo preguntar: ¿y habrá quien pretenda á una Señorita sin conocer sus qualidades, su talento, sus inclinaciones y demás?"
G00Q80,"¡Valgame Dios, que paciencia es menester para tanta impertinencia de estos Críticos!",No puedo menos de irritarme al oir semejantes despropositos y locuras.,¿No sabe el Señor Severo que el escribir bien pertenece á la Ortografía?
G00Q83,"Me pareció pues, que alucinado con los incentivos de la deidad á quien yo aspiraba poseer, desprecié el consejo de mi filósofo; me abandoné á la pasion.","Deliberé poner en práctica mi intento á toda costa, y que á pocos dias de casado comencé á ver la imagen funesta de mis infortunios, y á sufrir todas las penalidades que me anunció.","Me pareció que mi dinero se habia desaparecido: que mi muger gobernaba la casa segun su capricho: que veía á ésta cubierta del luxo mas excesivo: que se hallaba freqüentemente en los paseos, en las tertulias, en los coliseos, y en todas las diversiones mundanas: que estaba muy favorecida de los obsequiantes que con la mayor libertad visitaban mi casa: que todo en ésta era un desórden."
G00Q84,"Me pareció que mi dinero se habia desaparecido: que mi muger gobernaba la casa segun su capricho: que veía á ésta cubierta del luxo mas excesivo: que se hallaba freqüentemente en los paseos, en las tertulias, en los coliseos, y en todas las diversiones mundanas: que estaba muy favorecida de los obsequiantes que con la mayor libertad visitaban mi casa: que todo en ésta era un desórden.","Que yo pobre de mí me veía lánguido y estenuado, postrado en una cama, abandonado hasta del mas ínfimo sirviente.","Todo esto, y mucho mas que callo, me parecia estar pasando por mí, quando un criado que entró á llamarme para comer cortó el hilo de este trágico suceso."
G00Q85,"Aquí entra la vanidad, pues para no obscurecer el lustre de sus timbres, y sin embargo de que carecen de las virtudes, heroycidad, riquezas ó industria de sus progenitores, conservan no obstante la superioridad imaginaria sobre los demas que llaman inferiores.","De esto nace que el señor Don Bartolo se constituya paseante de Villa, y que esta única y exclusiva ocupacion le impida el sujetarse al trabajo para mantener con su sudor su infeliz é inútil exîstencia","No confundo, señor Regañon, con estos entes á aquella clase privilegiada y compuesta de sugetos virtuosos que recibieron el justo premio debido á sus buenos servicios y acciones brillantes."
G00Q86,"Pero ¿á quién no enternecerán sus inocentes hijos, que sin mas delito que la bárbara obcecacion de sus crueles padres, se hallan destinados á padecer el rigor de la indigencia, y condenados á la mendicidad, siendo su inocencia la víctima sacrificada á las fieras y desarregladas pasiones de su progenitor?","Los desgraciados no ven en su padre un protector y zelador de sus felicidades, y sí un monstruo que solo les ha dado el ser para que sean testigos de sus delitos, y esclavos de sus desordenados é injustos caprichos; estas son pues las conseqüencias del juego inmoderado.","¿Para quándo, señor Caton, guarda vmd. su ciencia y persuasiva retórica?"
G00Q91,"Los míseros mortales echáron léjos de sí á la verdad, recibiendo en su lugar á la mentira; pero fuéron tantos los enredos, los fraudes, chismes, bolinas, traiciones y calumnias que les atraxo este cambio, que estuvo á punto de perecer toda la especie humana.","El padre no podia fiarse de su hijo, la mujer engañaba al marido, el criado era infiel á su amo, la sana amistad, la tierna fraternidad no eran mas que máscaras que ocultaban los mas perversos designios: toda virtud estaba desterrada, reynando en su lugar la hipocresía.","Finalmente, todas las naciones, el orbe entero no era mas que turbacion, enredo y confusion."
G00Q94,"Que quando la quantidad, qualidad y modificacion de estas sustancias y cosas eran proporcionadas al grado de excitabilidad de cada individuo (variable en los diferentes periodos y vicisitudes de la vida) resultaba el equilibrio en que consiste la salud, así como de la falta de aquel se originaban diferentes desórdenes y enfermedades","En estos dudosos é incomprehensibles principios resolvió el Doctor Brown fundar su sistema, un dia en que, segun todas las apariencias, habia usado con exceso de su remedio favorito contra la gota, y estaba, como solemos decir, á mas de media carga.","En tal estado no es extraño que hubiese tenido la extravagancia de señalar con el nombre de excitabilidad esta virtud de los seres vivientes, que otro hubiera llamado sensibilidad física, ó páxaro verde: con el de excitamento (por falta e otro apelativo mas adequado) el efecto que resultaba de la aplicacion de estos estímulos en el sugeto dotado de excitabilidad; y potencias excitantes á los referidos agentes, como si fueran algunas señoras. ¿Y quiénes son esas señoras?..."
G00Q95,"Si Xuijoto hubiera tomado su parecer, el mundo hubiera sido mejor formado.","Pero todos estos habladores estúpidos y orgullosos, fanáticos ó temerarios, parecia que unian sus gritos para hacer una sola súplica.",¿Por qué se nos ha de ocultar lo futuro?
G00Q97,"Combatido por unos campeones tan ilustrados desertaste de las banderas literarias, y andas errante y prófugo llorando tu desventura.","No puedo comprehender el origen de tu cobardía, me confundo quando miro tu flaqueza, y que tus contrarios, aunque débiles, han conseguido su fin: quando me creia que ganarias la batalla, te observo entregado á discrecion, rendido por fuerzas inferiores, y asaltada y destruida la fortaleza de tu ciencia","No sé que satisfaccion pueda resultarte de verte envuelto en el mas horrible y despreciable ocio, sin vigor ni aliento para volver á la campaña: extraño que la República de literatos, que tanta grabitacion sostiene en el día, no haya dado las mas serias providencias para hacerte volver á tus respectivos deberes."
G00Q98,"¡Cómo te manifiesta la fruta que mas anhelabas en los banquetes, y cómo te la ofrece en toda su delicadeza y sazon, para aumentar mas tu despecho y rabia! Pero aun no se limita tu deseo al goce de la fruta, quando rabiando de una insaciable sed quieres apagarla con el agua que te rodea por todos lados, y á imitacion del árbol huye de tus labios, á pesar de las vivas solicitudes que haces por beberla.","Ebrios voraces entregaos libremente á vuestros detestables vicios, que no dexareis de experimentar cargado extremamente vuestro obeso cuerpo, perdido enteramente vuestro juicio, y hecho el oprobio hasta de vuestros mayores amigos y parientes.","¡Infelices, que os dexais arrastrar de estos falsos placeres!"
G00Q101,"Nunca ocioso ni acongojado; dedicado sin distraccion á sus cuidados domésticos, pero sin desasosiego; liberal sin ser pródigo; honesto, compasivo, ni olvida los intereses propios, ni dexa de atender quanto puede á los desvalidos y necesitados;","Honrado sin afectacion, sincero en realidad, complaciente sin baxeza, servicial sin interes, humano y benéfico, es el santuario de la virtud.",¡Ah! ¡quién no amará á este hombre! ¿Qué héroe nos presenta la antigüedad que se le asemeje? ¿Le hay tan digno de nuestros respetos?
G00Q103,"Y cómo lo remediarán los pobres maestros, de niños, por mas zelosos é instruidos que sean, siendo regularmente forasteros, sin estimacion, sin tener apénas que comer, siempre sujetos á quatro ignorantes, que mandan en los pueblos, que apénas saben leer, ni son capaces de conocer el mérito ni demérito de la enseñanza, y son no obstante los árbitros de tan importante asunto?","Mientras esto, no se remedie de algun modo, no hay que contar con algun adelantamiento ni mejora.",Sus ideas de vmd. son demasiado finas y sutiles para que generalmente se adopten.
G00Q104,"Nada de racional, nada de verdadero valor hay en ella; el vengativo solo prueba que es susceptible de dolor y de cólera, ¿no lo prueba tambien un toro rejoneado quando hace quanto está de su parte para matar á quien le hirió?","Es cierto que el amor propio conociendo esta verdad suministra á los vengativos razones especiosas para cohonestar sus feas acciones, pero estas mismas demuestran su debilidad y falta de talento.","No es una cosa lastimosa ver á esos hombres cargados con el peso de mil quiméricos planes de venganza, que jamas pueden efectuar, llevar pintado en sus rostros el odio y el rencor, presentar en sus personas la imágen de la envidia quando ven prosperar al que aborrecen, y demostrar en sus acciones y dichos la desesperacion de su corazon, porque no pueden aniquilarle?"
G00Q106,"En un año de una escasez espantosa de maíz, fabricó ese alcázar de Chapultepec, en cuya obra gastó muchos pesos; y libró del hambre devoradora a muchos infelices.","Y por último, manifestó su piedad y religión quitando del suplicio a tres reos que iban a ser ajusticiados (juzgo) que en un día privilegiado.","Estas virtudes le granjearon el título recomendable de humano, que los soberbios fanfarrones volvieron en el de popular."
G00Q107,"Mira aquellos jóvenes azucarados, derritiendo sus corazones en obsequio de unas hermosuras, cuya soberbia no aspira más que a multiplicar el número de sus necios adoradores; y si por fortuna distingue a alguno en su cariño, no es más que para habilitar su cabeza en pocos días de aquello de que se hacen los tinteros.","Porque tú no dudes que la mujer muy hermosa (por lo común) es el peor enemigo del hombre: si es honrada, tiene que defenderse y defenderla de los seductores; si no lo es, tiene que guardarse de ella y de ellos.","¡Cuántos pobres han acabado en los presidios, en las cárceles, en San Hipólito y en las manos de los asesinos y de ellas mismas, sin más delito que tener mujeres hermosas!"
G00Q109,"En fin èste mal figúra, preciado de Caballero, de la cesta, un mordiscon tiró al Fraile en el pescuezo, sobre ciertos interèses, que le cardaron à un Reyno; que ásta en ser tirános, tienen enbídia èstos sujetos.","Gente víl, por fin i postre, si no refieralo el hècho.","Doliole al Fraile el bocado, i como un hebréo, ardiendo, en estocádos de Plumas, la vìda de èste trastuelo le escribió, al amo con saña contando dos mil carredos."
G00Q110,"Esta poderosa hechicera tiene apresada la voluntad, hasta de aquellos, que por obligacion de su estado debiessen dàr pùblica demostracion de sus talentos, y honrar con ellos à su Patria.","Los presumidos que llevan comunmente la voz en las Tertulias, y Estrados, se valen de esta propia manìa de la Moda, para encubrir, y cohonestar su insolente ignorancia.","Dicen, que el ocuparse en comunicar al Pueblo los bienes intelectuales, que cada uno posser"
G00Q117,"Què infelicidad, que à una rèplica que se les pone, resumen su presuncion, y ciencia, con decir, que no se sabe con quien se habla, que sus antepassados eran yà famosos en la batalla de Pavia, y que su ascendencia no cede à la del Duque de Arschot.","No hay peor compañia, que la de ancianos encaprichados del privilegio de sus años, que reducidos al silencio, dicen, que las materias no son para los de edad regular.",Y hay respuesta à una invectiva de esta naturaleza?
G00Q121,"Assi, pues, como no podemos, propiamente hablando, llamar ricos, sino à aquellos que se contentan con lo que tienen, y que no quieren con continuos ensayos afinar mas, y mas sus operaciones: assimismo podemos assegurar, que entre las Naciones cultas no hallarèmos posseedores de la Piedra Philosophal, ni Modistas de la razon, y de la justicia, sino entre la gente mediana, que sabe reprimir sus deseos, y que siempre se representa tener mas bienes, que los que rigurosamente necessita para vivir honradamente","Los que llamamos Poderosos, viven en una esplendida, y orgullosa miseria, siempre necessitados;","porque en lugar de contentarse con el oro de veinte y quatro quilates que alcanzaron, le quieren sublimar mas, à fin de superar su calidad natural con otra quimerica, y aparente."
G00Q124,"Hasta aqui me he mostrado por el lado, en que mi figura es regular; pero falta vér el reverso de la medalla.","Considereme Vm. pues, raro, delicado, sin contemplacion, pagado de mi dictamen, engreído con un cierto merito, que me he figurado, y finalmente, haciendo tanta vanidad de mi Philosophia, como pudiera un Principe de sus titulos, y de sus Estados;","Y concluirá Vm. que soy como los demás hombres, ni mas ni menos: esto es, un compuesto de vicios, y de virtudes"
G00Q125,"Yá advino lo que Vm. está notando en el aposento immediato. Un Caballero anciano, que parece ha encontrado el movimiento continuo: que no cessa de registrar con un anteojo los demás aposentos; y que à cada instante se buelve à hablar à la Dama, à quien acompaña. Véa Vm. aqui otros dos Cortejos.","Pero aquella Dama, y este Caballero (dice Vm.) son de edad abanzada, para que hayan podido incurrir en semejante ridiculèz!","Amigo mio, Vm. es disculpable en ignorar, que el Cortejo se acomoda à todas edades; mas no lo es en dejar de conocer la corrupcion del corazon humano, y los medios, y rodéos de que se sirve, para dissimular, y disfrazar sus extravagancias."
G00Q128,"No ha hecho voto de pobreza, y vive en una indigencia vergonzosa, y despreciable. Su afán se reduce à adquirir riquezas.","Es solo: incapáz de tener amigos: sin conocer parientes, y casi la mitad de su cuerpo en el sepulcro; y atesora con fatiga para los que han de llenar su memoria de oprobrios.","¿Tratase de que se haga un vestido? Dice que es luxo, y se enfurece contra la vanidad."
G00Q133,"Bayla con mucha gracia. Dicen los que lo han visto, que en el manejo de un Caballo hay pocos que le igualen; y tiene buenos principios de Mathematicas.","Pero todo esto es inutil, y èl ha hallado el modo de obscurecer las prendas, de que està adornado, entregandose à tantos vicios, y haciendo una vida tan licenciosa, que es el escandalo de la Corte.","Señora, Vm. me confunde, y para mì es tan nuevo lo que oygo, que me hace dudar si sueño, ò estoy despierto."
G00Q134,No tuvo respuesta (como era natural) de su pretension.,"Conociò su yerro, y procurò enmendarlo escribiendo segunda Carta, que empezò por Mi Señor; pero fuè inutil la enmienda.","El Ministro no havia podido aùn digerir el Señor, y tambien lo dexò sin respuesta."
G00Q136,"Diceles palabras injuriosas, y ellos la responden sin decoro.","Miralos sin humanidad, y como esclavos, y ellos à su vez la sirven sin respeto, sublevados contra su tyranìa.","Suspendese por un rato esta gresca, y passa Madama al Tocador."
G00Q140,"Procure Vm. restablecerse; y si quando lo estè, quisiere tomar mi consejo, yo serìa de dictamen, de que Vm. se fuesse á vivir á la Casa de Campo.","Alli estarà mas tranquilo, y podrà vivir à su gusto, y de contado no nos incomodarèmos uno á otro.",-
G00Q141,"Este modo, aunque es un poco mas barbaro, que el mio, era mucho mas commodo para èl; y no yo, que soy tan mentecato, que no solo no quiero, que se ahorquen, sino que me mato porque vivian agradablemente, y lloro porque no lo hacen.","Confiesso à Vm. que yá no puedo sufrir la vida, que traygo con este afligido genio mio.","Hà muchos dias, que como Vm., me he metido à Pensador, y desde que tomè tan ruin oficio, estoy lleno de hypocondrìa, triste, y tan flaco, que apenas me conocería la madre que me pariò."
G00Q143,"Entonces se apoderaron de mi alma mil afectos, los unos agradables, y los otros tristes; y quando vì al momento despues, que se apoderaban de su cuerpo amado los symptomas de la muerte: quando vì, que sus hermosos ojos se nublaban, y se fijaban en mì en sus ultimos esfuerzos, no pude mas, y perdì toda mi paciencia.","Muriò en mis brazos, y en el desorden, en que me hallaba, me pareciò, que su pecho aùn respiraba.","Llamela. ¡Pero ay! Un vahido me cogiò: me pareciò, que todo el quarto rodaba, y la mas preciosa de todas las mugeres havia fallecido."
G00Q146,"Que aunque esto, no solo es mentira, sino exdiámetro opuesto à lo que èl afirma, como no todos los que lean mi Carta, han de tener presente para el cortejo el Pensamiento XXIV, me creeràn, ò à lo menos dudaràn; y entretanto se bambalèa, si no cae, el credito del Pensador","Quisiera Vm. que yo dijera, que esto propriamente se llama echar tierra à los ojos, y alucinar à ignorantes; y que si esto no es falta de caridad, calumnia, è impostura, digna del mas severo castigo, no hay otro nombre que darle; y que fuera mucho mejor, que el señor mio, se curára esta lepra, y no amenazára al Pensador con la de Ozìas, que el que le aconseje, que oyga con docilidad los Sermones.","Todo esto, y mas, quisiera Vm. que yo dijera; ¿y no diciendolo Vm. quièn me mete à mì en esso?"
G00Q149,"Hicieronme otras semejantes reconvenciones sobre la materia, pero sin fruto; porque del mismo modo que antes, me mantengo firme en mi opinion, y atrincherado en mi Castellano.","Ahora bien, yo no pretendo llevar las cosas al extremo.","Vm. me parece imparcial, y assi le he de merecer me diga, si en Londres, Parìs, Viena, ù otras Cortes de la Europa, se toman los naturales la pena de aprender los idiomas Estrangeros, solo para facilitar los placeres de la sociedad à los individuos de otros Paìses, que no quieren aprender el nativo de cada Reyno, unas veces por pereza, y otras por desprecio."
G00Q153,"Ni era Petimetre, ni bonito, ni ligero de cascos, ni adulador, ni Poeta, ni baylarin.","Añada Vm. à esto, que tenia una porcion de defectos capitales, por los quales debia ser excluìdo de la Cofradìa; pues ni cantaba, ni tocaba instrumento alguno, ni sabìa mentir, ni engañar, ni murmurar, ni dissimular.","Ni era rico, ni presumido, ni hablaba Italiano, ni Francès, ni tenia voto en encajes, blondas, bordados, batas, vestidos, joyas, ni flores."
G00Q161,"Qué lastima causa à los ojos de todos, quando se divisa bastantemente un marido desgraciado, y un padre infelíz, que lloran su honor ultrajado à el delinqüente impulso de un atrevimiento!","Grande es este golpe, no lo niego; pero mayor es el de aquellos, que por descuido, ò ignorancia dieron causa suficiente á este daño.","Los primeros, si padecen esta lamentable suerte, mas à la violencia de la desgracia, que à los tristes efectos de una confianza necia, deben ser el objeto de nuestra compasion, y el exemplar para nuestro gobierno."
G00Q162,"Los ojos hundidos, y fijados en el suelo, demostraban un ánimo ofuscado, y desabrido;","Tan flaca, y consumida, que parecía retrato de la misma necesidad.","Yo la miraba pensativa, y me parecía haverla visto otra vez."
G00Q163,"¿No es un agravio claramente cometido contra esta hermosa Deidad, destinarla por muchos de nuestros patricios para alabar, perpetuar en la memoria, y excitar à su imitacion los delitos mas atrevidos contra el Cielo, el Rey, y la Patria, quando la ocupan indignamente en esos asquerosos Romances de nuestros Guapos Andaluces?","¿qué otro empleo la dán mas, que obligarla à celebrar unos hombres, que por viles, ò murieron entre las fatigas de un lazo, ò à las iras crueles de una venganza?","¡Ciertamente ignoro cómo ha podido durar este abuso tanto tiempo en un País tan culto, donde la piedad, y religion tienen su asiento!"
G00Q164,"En este no despreciable animalito pudieran aprender à vivir quantos desgraciados de ambos sexos andan por esas calles oprimidos de la ultima miseria, siendo el cansancio importuno de muchos, y ocasiones virtuosas de pocos, y no se vieran à cada paso tantas infelices viudas, que fundan su corto alimento en el penoso sonrojo de buscarle de puerta en puerta;","Ni tantos ancianos, que en la mas estrecha angustia de la escaséz, buscan el pan con el doble sudor de su rostro, sudan en adquirirle mendigando, y sudan con la vergüenza de haberle de procurar pidiendo.","¡O, qué desgracia! ¡qué suerte tan infelíz! ¡pero qué locura!"
G00Q166,"¡Dios me libre de ellos! Cierto Cavallerito Estrangero se iba inclinando de lo fuerte à la mayor, y se conocía claramente por su generosidad, pues no le dolian prendas, siempre se estaba convidando, y que quise que no quise, nos regalò muy bien: y quando estaba yo mas esperanzada de este hombre, se atravesó un maldito de estos pisaverdes Gaditanos, y no se qué dió à la muchacha, que à el instante aborreció à el Estrangero, y se entregó à favorecer este hombre.","No està en esto la gracia, sino es que apenas se vió correspondido, se ausentó de casa, y se fue con sus engaños à otra parte, quedandonos à la Luna de Valencia, sin uno, y sin otro, y la niña tan apesadumbrada, que por poco la pobrecita se muere: estuvo muy mala.","Puede Vmd. suponer, que no he dejado diligencia, que no he practicado para conseguir mis deseos: discurro, que Vmd. creerà habrà sido todo con el mayor disimulo, y honradéz;"
G00Q167,"Luego que llegò à noticia de los Amigos mi desgracia, corrieron presurosos à visitarme, y à ofrecerse con sus caudales, y haciendas: vino Anfriso, y me prometió harìa quanto pudiese con su valimiento para la composicion de mis negocios: escribióme Elisa, interesandose en mis pesares, y ofreciendo sus joyas, si eran necesarias para alivio.","Qué contento me hallaba, no obstante mi fatalidad, à el mirar, que si me faltaba la hacienda, la tenìa depositada en aquellos, que tanto se ofrecian, y tan promptos habian ocurrido à mi socorro!","¡Pero qué engaño padecì, y qué presto hallé corrido el velo de tanta falsedad à el impulso de mi misma desgracia!"
G00Q171,"Hà de sabér Vm. que todos estos son temóres de la pluma, por no atreverse â delinear el nombre de mi endiablada indisposicion: pero como es precisso que confiesse de plano, para que me aplíque el remedio, aunque duplìque mi sentimiento, se lo hé de referir por estenso: tengo...","¡valgate Dios por nombre, que aún assi engendras sustos, parasismos, y aborrecimiento!",Tengo ...aùn no me permite escrivir el sobresalto.
G00Q173,"Yo Señora mia, soy una Mugèr de las muchas que viven en el Mundo, que discurriendo entraban â una vida de Angeles quando se casaron, se hallan el dia de hoy con un tormento irremediable, sin que para su alivio les quede el arbitrio de la quexa: estoy Casada por mi desgracia con un Cavallero de linda presencia, y muy Petimetre: es un Narciso, y està tan pagado de su hermosura, que assi cuydára de su Mugér, como cuyda de su persona: los mas dias reñimos sobre quien gana la vèz en el tocador, y el dia que coge de mano, me veo precissada â valerme de un espejo de las Criadas, porque sé por experiencia, que se pasaràn dos horas antes que le dexe desocupado.","Todo esto llevará con paciencia, si su asèo, y prolixa compostura se ordenára â conplacerme; pero es muy â el contrario, porque su merced es Cortejo, y hace tanta vanidad de serlo, que quando està de humor me refiere las gracias de su querida, me pondera sus chistes, y alaba su hermosura: vea Vm. què refresco para quien se halla atabardillada de Zelos.","Está el bueno del Hombre tan pagado de su gentileza, que me cuenta con grán satisfaccion, que todas las Damas le enamoran, pero que ninguna sino Irenitaserá la dichosa, porque es una Dama tan Marcial, y de Moda, que es la Maestra de quantos Cortejos tiene esta Ciudad, y que un Hombre como èl no se havia de hallar con mueble de menores circunstancias"
G00Q174,"No se oye mas comun declamacion en todas partes, que èsta:","Lucio es un ingrato, es un Hombre, que entrega â el olvido los mayores favores, pues en el tiempo de su miseria le socorrì con generosidad, y ahora que yá de nadie necessita, no hace caso de quien tanto le sirviò","Vm. tiene razón, y es muy cierto, que si es assi como lo publìca, que se halla con bastantes motivos su quexa."
G00Q176,"Nunca le ví con recelo, ni sospecho de mi procedèr, porque su buen corazon le apartaba el pensamiento de todo lo malo: es verdàd que no tenìa de què: bonita soy yo para esso: hablàr, chanzeár, y divertirme con todo el Mundo, que esto no es ningun sacrilegio: pero meterme en honduras, guarda Pablo, esso no, que no soy tan tonta, que no sepa donde me aprieta el zapato.","Tenía muchissima confianza de mi, como que se hacía cargo de la prenda, que tenìa en Casa.","De esta manera lo passaba como una Reyna, servida, cortejada, y llena de Visitas â todas horas: sin que por esto, Señora Pensadora, me llevássen algun pedazo: entonces estaba alegre, contenta, gorda, y hermosa, que era un regalo el verme: bien podìa meter ruído en todas partes, y mas de quatro embidiosas tenía, porque sin dificultad me llevaba las atenciones de todos: sin que por esto diesse con los precipicios, las ruínas, los riesgos eminentes, que Vm. promete de su propria cosecha."
G00Q177,"Una, y otra opinion he visto defender, pero siempre hablando de los Yernos, que saben cumplir con su obligacion, y son capaces de fomentàr, y conservàr las haciendas, que les entragaron: pero de los descuydados, y ociosos que no tienen industria, ni la solicitan para adelantár el Caudal de sus Hijos, de estos no se habla en la qüestion, porque estos deben sér tratados, no como utiles, y bien quistos à sus Suegras; sino como Hombres viles, acreedores del desprecio, y dignos del mas cruel olvido.","En pocas partes del Mundo se vè con mas frequencia este desorden, que en esta Ciudad.","Es grande el número, de los que abandonando los despreciables lugares de su nacimiento, obligados de la natural miseria de sus Países, y sin mas arbitrios que una crianza bastante humilde, y muchas ganas de juntar Doblones, se amparan de esta Ciudad, los que á pocos años de vivir entre nuestras patrias abundancias, se acostumbran tanto á las profusiones, que sin dificultad exceden à los mismos Naturales en las prodigalidades, á las que con dificultad pueden subvenir sus industriosas ocupaciones."
G00Q179,"y si hé de confessar la verdad, me discurrìa por dichosa quando conseguìa un Hombre por Marido, que daba â entendèr, pondría todo su cuydado en corresponderme, y desvelarse en amarme: de modo que yà estavan demás los ruegos, quando se puso engañada de su parte mi voluntad.","Estas fingidas esperanzas, y las importunas ponderaciones de todos los que me trataban, como conquistados de sus regalos, me llevaron voluntariamente â manos de mi mayor desgracia.",-
G00Q180,"Diràn muchos, que se discurre bien desde seguro, y fuera de las tristes escenas de los llantos que dista mucho lo que aconseja como factible, de la pràctica en las ocasiones, que se ofrecen de pesar: que es pretendèr una locura, querèr que los Hombres se muestren insensibles â las desgracias, quando es tan natural el sentimiento.","Si esto intentàra, sería un disparate: lo que culpo, y condeno como indigno, no es aquel sentimiento discreto, que se forma de los males, regulandole siempre con lo justo, para que no exceda su linea, y passe â ser impaciencia, ô desesperacion: no es este, porque assi es precisso, y honesto;","y de lo contrario serìa no tenèr discurso, ni facultades racionales: pongo por objetos de mi reprehension aquellas aflicciones ponderadas, aquellos mugeriles desmayos de espiritu, y aquel negarse de proposito â los consuelos de la razòn, y los Amigos: dexandose llevár tan neciamente del pesar, que parece hacen vanidad del sentimiento: esto es lo que rebato, y esto es lo que caracteriza, â los Hombres de apocados, cobardes, ê inutiles: dexandoles en el grado de que se les mire con lastima, y no con compassion: pues en lugàr de entristecerse de sus penas, quando tanto se sujetan â sus insultos, causan lastima, por considerarles tan lejos de parecer Hombres de juício"
G00Q201,"Si es antigua la charlatanería en otras Facultades, no lo es menos en la Medicina.","Examinense las Historias de los Egypcios, y de los Hebreos, y se encontrará crecido numero de impostores, que abusando de la débil credulidad de los hombres, se jactaban de curar las enfermedades mas inveteradas, por medio de amuletos, talismanes, adivinaciones, y especificos.","Tambien los Griegos, y Romanos se vieron inundados de esta plaga."
G00Q183,"Estoy perdido, y aún me hè querido pregonàr, por vér si me encuentro; pero el impossible de conseguirlo me lo hà borrado de la cabeza.","En fin Vm. no estrañe el modo de explicarme, porque realmente estoy loco, no sè lo que me digo: y lo peor es, que aunque lo conozco, no lo puedo remediár","Mas por si acaso Vm. como sabe tanto, segun publìca la misma ociosidad, discurre algun remedio, para que vuelva â el estado de mi antigua inociencia, la suplìco por esta Carta me le communique, esperando de su buen genio, no me escasearà la respuesta: y para que se entère de mi accidente, prevenga de atenciones su discurso."
G00Q184,"¿Para decirme, que tiene â un Primo suyo por Cortejo, y que duda, que por ser su Pariente se deslize à la nota del Mundo, y se vèa comprehendida en las satyras, que se han suscitado contra las Damas Cortejos, tenia tanto que discurrir, ni molestarse?","Señora Culta, su Carta es un farrago de los mas despreciables, y en su obscuro contexto se mira la satisfaccion de su duda.","¿No dice Vm. que se quieren, y que el tal Señor mio la pondera su afecto?"
G00Q185,"Una de dos: ô las Mugeres solas hàn de ser las Curiosas, y las que se desvelen en andár rastreando quanto sucede, para hacerlo sabroso plato de sus Visitas; ô yá que las Pelucas nos quitan el laurél en esta hazaña, se les debe imponer perpetuo silencio, ê impedìr nos hagan complices de un delito, que ellos posseen como diversion festiva, è inocente.","Yo por mi desgracia me hallo Casada con un Curioso tan fino, que por la menor novedad que se le presente, se estará dos dias sin venir â casa, hasta conseguir hallarse informado de sus menores circunstancias, para despues tener assumpto flamante en las Tertulias","Si el Amigo se pone alguna gala, si la conocida estrene la mas despreciable friolera, todo le alborota, y hace las mas exactas diligencias por sabèr de donde saliò su importe, de donde hà venido: si há sido regalo, quién, y por què causa: si comprado, quando, y còmo: y este mismo, como todos, llama â las Mugeres Curiosas, y pondèra por insufrible nuestra curiosidad."
G00Q203,¿Ygnoras por ventura que no es dable consiga sacrificios como Diosa quien muger se acredita en lo mudable?,"Llega á tanto nuestra estoildéz, que pasa los limites de lo racional, pues nos dexamos regir de la vanidad, monstruo tan poco escrupuloso, que vive contento en las lobreguezes, siendo solamente éco que resuena, afan de desperdicios, tarea de inutilidades, tela de Arachne, y finalmente, carencia de un todo.","Este, pues, aborto de la naturaleza, es quien fomenta la tirana moda, que nos excita á salir de nuestra esfera, siendo tan vigorosas sus fuerzas, que nos arrebata, y usurpa los caudales, forzando à servirnos graciosamente de los que quiera presentarnos su capricho."
G00Q205,No pensaba ella sino en los medios de hacer á su marido mas llevaderos sus trabajos.,"Se le presentaba siempre lleno el semblante de serenidad, y tan contenta como pudiera en medio de la abundancia y las riquezas.","El dia que no tenian que comer parecia mas alegre aún, y mas risueña de lo que acostumbraba."
G00Q187,-,"Pero vease â uno de estos tenidos por infelices, que bien hallado con su suerte, vive apartado de la confussion de las Cortes, y Ciudad es","Apenas el Sol esparce sus luces sobre el Horizonte, quando abandonando el lecho, dueño de si mismo, y llevando en en"
G00Q206,"Si lo que trabajó para sus amigos, lo huviera hecho para sí, le veriamos hoy colocado en uno de los primeros empleos.","Y estos mismos amigos le miran con indiferencia, punto menos que en la miseria de que él los sacó, y de que son ellos la verdadera causa.",¡O tiempos!
G00Q186,"El mas felíz afortunado puesto â la frẽte de sus negocios, lleno de sobresaltos, oprimido de varias imaginaciones, y desvelado por añadir pabulo â la insaciable llama de su Avaricia, en las estimaciones que disfruta, en los buenos sucessos que logra, y en la grandeza de que se vé posseedòr, halla otros tantos motivos que le desvelan, le afligen, y mortifican","Se vè sujeto â las trayciones, expuesto â los engaños de tantos viles intentos como procuran usurparle su hacienda.","Entre la suavidad, y delicadeza de las Olandas, y lecho dorado no puede conciliar el sueño: allì de tropèl le assaltan los cuydados crueles, le asustan las tormentas que teme, las Guerras que rezela, la escaséz, y la abundancia le inquietan, nada le lisonjea, y siempre en un continuo desasossiego, la cama, que â el mas infelìz Labrador es el lugar del descanso, y sossiego, donde dán punto las diarias molestias de sus fatigas, es para este infelìz duro campo de batalla, donde padece afligido los fieros assaltos de los enemigos de su descanso, y quietud."
G00Q207,Es muy digna de notarse aqui la legislacion de los Romanos sobre este punto.,"Esta sábia República tenia establecida la pena de muerte muy raras veces, y solo por crimenes muy graves.","Con todo eso, en las leyes de las doce tablas se hallaba impuesta esta pena contra qualquiera, que por medio de algun escrito huviese desacreditado à un Ciudadano."
G00Q189,"Apartose con esto, dexandome anegada en un mar de confusiones, y llena del mas honrado pudor â el vèr proposicion tan atrevida.","Mil veces quise matarme, pero mi desgracia quitò el valor â mi determinacion: y combatida por los fingidos halagos de al",y quedando yo la Muger mas inféliz del Mundo; pues en medio de tantos obsequios lloraba mi honor sacrificado â una ruindad.
G00Q210,Paysano y Amigo: no estrañe Vm. que no concurra hoy à la cita de ayer: no estoy enfermo;,"pero un accidente peor para mí que una buena enfermedad me obliga à guardar Casa por algunos dias, y à no presentarme donde Gentes me vean la cara, hasta que à todas se les haya borrado de la imaginacion mi fisonomía.","Creo que si saliese por esas calles, habian de soltar la risa quantos me viesen."
G00Q212,"Pero el ocioso, que no tiene oficio alguno, ni cosa en que entretenerse, está siempre pidiendo, que lo necesite, ò no: ruega, sigue, importuna à quantos se le presentan.","Sabe valerse, perdida enteramente la verguenza, de mil artificios, que el uso, y una larga experiencia le han enseñado, para aparentar su miseria.","Tales son los gestos estudiados, los clamores modulados, las vendas, y unguentos que hacen parecer llena de ulceras la pierna mas sana, y mas robusta del mundo, las llagas mantenidas con estudio, y otros embustes de esta naturaleza, que no podrian sostenerse en un Hospital de impedidos; pero que se sostienen admirablemente en medio de una calle, ò à la puerta de una iglesia."
G00Q213,"Yá sabe Vm. la altura en que yo estaba con mi Señora Doña G : la satisfaccion, la intimidad, la confianza con que se me trataba.","Pues, Amigo, sepa Vm. que todo se lo llevó el diablo, si Vm. no me vale;","y por consiguiente todas mis esperanzas que, como Vm. no ignora, están fundadas en el Marido de Madama."
G00Q214,No puede negarse se halla en esta Carta el carácter de sencilléz y claridad propias de un buen Inglés.,"Si tal vez sus expresiones son un poco atrevidas, y sus comparaciones odiosas, deben permitirse à un hombre, que no ha nacido con la obligacion de hablarnos segun nuestro gusto.","Por lo demás el Público juzgará de su contenido, cuyo juicio no me es licito prevenir."
G00Q191,"¿qué les pareció à V.ms. la novia? ¿No es verdad, que embestia con aquel vestido? Pues el aderezo, que tenia, no es cosa.","Tal qual diamantillo tiene; pero lo demás son chispas, y todo ello de muy mal gusto.","¿Y el novio? ¡Jesus, qué hombre tan cerril! A mí me pareció que estaba espantado."
G00Q215,¿quánto mejor estaría frente à frente del toril en una tarde de toros?”,"A mí me hizo reir este ofrecimiento, mas no asi al otro, à quien antes le irritó tanto, que à breves razones vino à decirle que era un herege, y que su proposicion era no tan solamente impía, heretica, erronea, y escandalosa, sino tambien capciosa, y piarum aurium ofensiva:","y apurado un poco añadió, que se la daría condenada in terminis en el Concilio Lateranense."
G00Q192,"Una dosis mas, ò menos fuerte de Eleboro, nos huviera sacado de cuidado; pero si el mal se propaga à las demás clases, pide otra atencion. Min","La epidemia, Señor, ha cundido tanto, que el infierno no se conoce, ni las gentes se entienden.","Los Albañiles, que trabajaban en la habitacion antigua de vuestra grandeza, han tenido que suspender la obra, porque no podian hacer carrera con los peones"
G00Q216,"Pero otro le dice una palabra injuriosa: la sufre con paciencia, y por el infame placer de la venganza no quiere, contraviniendo à todas las Leyes divinas y humanas, exponer su vida, ni la del otro.","Es un cobarde, un vil, un indigno de los honores que goza, y de alternar con quien tenga el corazon bien puesto.","Otro al contrario, la juega con una fiera, sin necesidad, ni utilidad alguna, ò acaso por un vil interés."
G00Q196,"Este tiene enteras sus pasiones: gusta de vestirse como un muchacho petimetre, y de comer con regalo: tiene su poco, ò su mucho de cortejo: es amigo de baylar, y de decir media docena de requiebros à las niñas, y de hacer del Adonis: no sabe el Cathecismo, ni si están abiertas, ò cerradas las puertas de los Templos en los dias de trabajo, ni elevar los ojos, ò el espiritu à quien le dá el pan, de que se sustenta, y el ayre que respira:","¿con qué cara podrá decir este animal, que tiene sesenta años, no haviendo aprendido en ellos à dominar sus pasiones, à despojarse de los antojos de la niñéz, y de los ímpetus ciegos de la juventud, à conocer los principios de su Religion, ni à dár tributo de adoracion al Señor de todo lo criado?","Si éste (que no puede llamarse hombre) dice que tiene treinta años, dice demasiado"
G00Q218,¿No encantará esto á qualquiera hombre de buen gusto por lo oportuno y lo urbano?,"¿Sabia vmd. acaso hasta que nos reveló el secreto dicho venerable Colector de Comedias, que Racine habia sido un imbecil, Cosme Damian, un hombre falto de juicio, y de talento crítico?","Pues si nada de esto sabia vmd., y pasaba miserablemente su vida, ignorando primores tales, ¿por qué no ha de venir el agradecimiento en pos de la fineza?"
G00Q219,Digame Vmd. en Dios y su conciencia (si la puede tener un Censor),"¿qué juicio formaria su merced de un Médico que llamado á curar un Escrofuloso, Elephanciano ó Ethico, descuidase estos tres terribles males, y emplease solamente su charlataneria en medicarle un sabañon ó un uñero?","Estos no son males ni de riesgo ni prolificos, aquellos son contagiosos, malignos, y acreedores á que su cura exîja toda nuestra atencion y cuidado."
G00Q223,"Como vmd. me acredite lo contrario, le repliqué, (á la verdad algo mohino, porque me disgusta no se aprueben todas mis cosas, ya sean malas ó buenas), estoy pronto á mudar de parecer;","pero decir como muchos, eso no vale nada, eso es un asco, y no probarlo, ya vé vmd. que son expresiones muy vagas, muy despreciables, y que todo hombre de juicio se rie de los que fallan por este estilo.","Asi, amigo, pruebas, pruebas, y dexemonos de generalidades."
G00Q224,"Nada se oia, nada se veia en ella sino continuos ataques, continuas piraterias, y ciertas intestinas convulsiones que destruian en un todo la constitucion general.","Homero era un famoso Astrólogo politico, que adivinando las funestas resultas de semejantes desordenes, queria con la moral de su obra curar males tan graves.","Se valió para conseguirlo de la voz de la razon, de la fuerza de los exemplos, de la magestad del estilo, de la pompa de las palabras, y de los encantos de la Poesía."
G00Q226,"En ninguna de quantas Cartas tengo escritas á vmd. le he dado noticia de mi salud, ya fuese porque no le considerase de los mas interesados en ella, ya por descuido natural: pero ahora me veo en la precision de decirle, que hasta el presente la he disfrutado tan robusta que podia apostarselas al mayor necio;","mas como toda cosa mortal declina, hace algun tiempo que la tengo tan quebradiza y delicada como puede ser el honor de una dama en boca de un pisaverde.","Por lo tanto, si acaso en algun correo se hallase vmd. sin carta mia no lo achaque á pereza en escribir, no á que me falten asuntos que comunicarle, ni que pueda haber otro motivo que el dicho capaz de interrumpir mi correspondencia."
G00Q227,¡O si renaciesen aquellos felices tiempos en que en nuestra España iban las mugeres á suplir por sus maridos á los Oficios del Coro!,¡Qué delicia no sería oirlas entonar con sus encantadoras voces el Te Franciscum laudamus por alguna victoria contra infieles!,"En fin si no temiera cansaros, con gusto os contaria, amados Clientes mios, otros mil primores no solo teológicos y morales sino tambien históricos y políticos que se hallan en este libro."
G00Q228,"Ya iban á acabar conmigo todos estos sentimientos; quando quiso mi fortuna darme á conocer el principio de donde dimanaban, y el remedio que me habia de sanar de todos ellos.","Deje de pensar por un rato, y ve aqui que de repente se deshacen todas mis dificultades y temores.","Que importa, decia yo, que me haya abandonado un Cliente, si militan bajo mis banderas una infinidad de Sabios, que es supuesto que lo son, y que exigen de justicia mi poderoso patrocinio?"
G00Q229,"Sepa Vm. que, asi como á muchos no hacen mella los Gritos del Purgatorio, tampoco la hacen en nosotros los gritos de la ignorancia.","¿Quántos hay todavia en nuestra España, muy revestidos de Doctores, que no se desprenderán de sus errados systemas, aunque se les ponga á los ojos la evidencia?",¿Quántos que preciados de Maestros en las Ciencias no saben todavia sus principios?
G00Q231,Tenia yo (lo confieso) mi poquitito de envidia al ver que el Domine Censor y su Corresponsal nos daban en cuerpo y alma mil cartas que se les remitian;,"y como nadie hasta ahora se habia acordado de mí para este efecto, y debia trabajarlo todo por mí mismo, me iba desanimando poco á poco de mi empeño.","Pero, gracias á Dios, ya llegó tambien mi hora, y tengo la satisfaccion de publicar no una Carta como quiera, y en que yo no haya tenido parte alguna;"
G00Q234,Entretanto veía perderse mi credito de dia en dia.,"La miseria iba á oprimirme, y no me quedaba ya sino este infame medio para librarme de una inminente ruina.","La persuasion, las amenazas, la pintura de la infelicidad que nos esperaba, vencieron por ultimo la resistencia de mi esposa."
G00Q236,Como si la intencion de la Iglesia no fuese que nos mortifiquemos no menos por la sed que por el hambre.,"¿Quién no se horroriza de estas mesas, en las quales nos abstenemos, á la verdad de los manjares prohibidos;","pero les substituimos otros de mayor precio, mas exquisitos, mas delicados, que irritan mas el apetito, y lisongean mas el paladar, y usamos de ellos con la misma profusion que en los tiempos de licencia?"
G00Q238,"pongamela Vm. de buen humor porque acabo de hacerla una trabesurilla, y si Vm. no lo remedia me temo que hemos de estar esta noche de Aguilas Imperiales.","Le hemos manifestado varias veces quán impropias nos parecen de un hombre bien educado, y quanto nos ofenden éstas y otras expresiones;",pero no hemos conseguido sino empeñarle mas y mas en sacarnos los colores á la cara.
G00Q241,¿La industria y el Comercio de Cartago no fueron su ruina?,"¿Roma, en fin, no fue el terror de las Naciones, en tanto que ningun Ciudadano tuvo por pequeña la porcion de tierra que bastaba para mantener á un hombre:",y de una tropa de malhechores y esclavos fugitivos no hizo la frugalidad y parsimonia los señores del mundo?
G00Q243,"El ardor con que Caton iba á proseguir en su vehemente declamacion se interrumpió de repente con los gritos de una turba de jovenes, que no se que novedad inesperada atrahia al foro.","Vuelve la cabeza el venerable anciano, y vé ¡ó dolor! ¡ó oprobio!","vé á su nieta, á la hija de Porcia sentada en un carro magnifico y ocupada en limpiar el rostro de uno de aquellos plebeyos que cuidaban de las rentas baxo la intervencion de los Caballeros Romanos."
G00Q244,"(sin duda con la intencion de que el mayorazgo no saliese de la linea) y asi aunque veían me dominaba la pasion del miedo, no tiraron á quitarmela, ni á fortalecer mi corazon;","antes mas me le afeminaron, y era tal el temor que me causaban los Duendes, que en oyendo á á",¿cómo podia yo (¡mal de mis pecados!) causar miedo á quien venía á ponermele?
G00Q245,"Como soy tan medroso, me sucede lo que á los niños, que si entre dia acierto á ver alguna cosa triste, lo mismo es quedarme dormido, que soñar al instante sobre aquello mismo.","Quiso mi desgracia que en aquella tarde viese entre varias Sombras la representacion de un Entierro, que no parecia, sino que ni mas ni menos era un Difunto que llevaban á la hoya entre quatro Terceros:","pues quando á mi parecer estaba bien dormido, imagino que veo junto á mí á mi compañero el Duende, y que muy furioso me cogió del brazo, llevóme por el ayre, y sin saber cómo, me metió por la puertecilla, ó escotilla de un desvan, tan lleno de telarañas, que aun despues que volví en mí, tuve que sacudirme la cabeza por un buen rato."
G00Q246,"Yo soy uno de los apasionados á las Comedias Españolas, concurro con indiferencia al Coliseo de la calle de la Cruz, ó del Príncipe, porque siempre han sido para mí odiosos los partidos de Chorizos, y Polacos;","á todos los Actores los estimo con igualdad, y miro por sus intereses, adelantamientos, é instruccion, escribiendo apologías imparciales en defensa del Teatro, y asi en nombre de todos los Cómicos Españoles te doy ahora la agencia de los Coliseos de Madrid, con la precisa condicion de que has de repartir este papelito con la mayor brevedad para que se vea en el tribunal de los Literatos.","Le respondí, que me parecia que la causa era buena, y que todo se podia remediar con mi eficácia y maña:"
G00Q247,"Por detrás de estos edificios asomaban unos espesos montes, que me parecia haberlos visto quando estaba despierto;","y revolviendo en mi memoria quáles serian, se apareció cerca de mí un mancebo de gallarda presencia que uniendo la hermosura con la seriedad presentaba el aspecto mas amable que pudiera figurar la imaginacion.",-
G00Q250,"Un dia tuvo oportunidad de herir una imágen de nuestra Señora, que se veneraba en un Monasterio.","Oyéron los golpes dos menestrales, que trabajaban en el claustro, y saliendo á la Iglesia, no solo viéron á la Imágen bañada en sangre, sino que la oyéron quexarse con amargos y sentidos suspiros.","Lleváronle a juicio, y por no poner el conveniente cuidado el Juez, ni el Abad, salió por libre."
G00Q253,"No obstante procurando esforzarme, y habiendo vuelto un tanto de mi primera turbacion, quise llegarme a ellos para apurar mis dudas é implorar su favor.","Mas yo no sé como entorpecidas por una especie de encanto mis piernas, al primer paso que fuí a dar caí tendido en tierra, de que no sin mucha fatiga pude levantarme.","Víme entónces cercado de aquella gente, que, sin contextar á ninguna de mis preguntas, me consideró inmóvil por largo espacio"
G00Q254,"Mas quiero no tenerlas, que dar motivo á que pregunten por que razon las tengo.",La verdadera gloria consiste en merecer la gloria.,"Porque esas honras vañs ese ouro puro Verdadeiro valor náon dá da gente Melhor é merecellos sem os ter, Que possuidos sem os merecer."
G00Q257,Pero ¿para qué se detienen mis labios en expresiones que recuerdan las tristes sombras que obscurecían la sociedad? Llegó por fin la época feliz del candor é ilustracion.,"La aurora de un nuevo periódico se presenta apacible á la sociedad, y la anima con indecible esplendor.","Ya, ya pueden gloriarse los ingenios de ver sus bellas ideas comunicadas á sus compatriotas."
G00Q258,"A beneficio de él se reformáron las ceremonias casi supersticiosas, que mortifican y oprimen el trato humano: desde entónces desapareció (asi no hubiera vuelto á renacer) el tono pedantesco, que tanto ofende, aquel ayre casi inato de satisfaccion que tanto enfada, y estilo afectado que fatiga.","El sexô femenil se concentró en las gracias naturales y sencillas que le dió naturaleza, suprimió los vaidos fingidos, los melindres pueriles, y dexó de hablar tan á menudo de sus jaquecas y vapores.",El Caballero habló ménos de sus caballos y perros de caza. El Guerrero compendió la Historia de sus campañas.
G00Q260,"Comencé á lamentar la falta de buenas piezas teatrales Españolas, el poco gusto de nuestros expectadores, la mucha influencia de los chisperos en el teatro, la ninguna educacion de nuestros cómicos, y las preocupaciones que se oponian á la mejora de nuestras comedias . . . . .","El teatro, decía yo, que deberia ser la escuela de las costumbres de la Nacion, es en España la escuela de la supersticion, del engaño, y de todos los vicios.","¿Qué idea se formará de la virtud y del honor el espectador que vea en las comedias de Calderon propuestas como modelos á unas mugercillas, que violadas las leyes del recato, introducen y esconden hombres en su casa, engañan á sus padres, y rompen los ñudos mas sagrados que nos unen á la sociedad?"
G00Q261,"Bendito sea Dios, dixe yo quando la leí; ¿quién será este poeta?","A buen seguro que no es ningun media cuchara, sino un hombre muy hecho, ó se me alcanza poco de achaque de estilos.","Si el mismo Góngora volviera á nacer, tengo para mí que segunda vez se moriria por no ver una composicion como esta, que nunca otra tal y tan buena pudo salir de su fecundísima cabeza por mas caliente que estuviese."
G00Q264,"Es cierto, dicen, que para los charlatanes y perezosos es un recurso los diccionarios; quieren hablar mañana en la tertulia de una materia que ignoran, toman el diccionario, la leen de pe á pa, la aprenden de memoria, y hablan con el tono y lenguage de los sabios; no hay que dudarlo, estos entes, peste de la república literaria, zánganos que incomodan y de nada sirven, moscardones enfadosos que por fuerza, nos hacen oir su zumbido disonante, encuentran en estos libros un alivio notarle para sus necias habladurías; pero ¿se les destruiria quemando los diccionarios?","Quémense pues al momento; pero entonces fuera preciso llevar á la hoguera (¡y con quánta mas razon!) todos los ensayos sobre materias particulares, todo discurso suelto, y añadir los compendios, y aun todo libro que tenga índice, pues no se ignora que los índices son, sus maestros mas queridos.","En quanto á los principiantes, añaden, cuiden los maestros, los ayos, los padres de familias y demas encargados en la educacion, de que estudien con cuidado los principios y fundamentos, puesto que este cuidado es su obligacion, y no recelen que les perjudiquen los diccionarios."
G00Q267,"El peor mal que Dios está sufriendo, es sin duda el abuso de la razon; y con todo no se halla en el mundo mal mas comun.","Los dos sexôs, y todos los estados de la república estan inficionados.","Apenas encontraremos una persona que no sea mas sensible á la reputacion de tener entendimiento y discrecion, que á la de poseer virtudes, y buenas costumbres."
G00Q270,"esto quiere decir que debo sériamente pensar en establecerme en el mundo, pero deseára que vmd. se sirviese aconsejarme sobre lo que debo hacer con el Señor Don Leandro, que de algun tiempo á esta parte me favorece con distincion.","Es gallardo jóven, tiene los ojos mas negros, y los dientes mas blancos que he visto en el mundo.","Aunque no es el mayorazgo de su casa, viste á lo señor, y nadie se presenta en una tertulia con mayor gracia que él."
